%time,field.header.seq,field.header.stamp,field.header.frame_id,field.pose.position.x,field.pose.position.y,field.pose.position.z,field.pose.orientation.x,field.pose.orientation.y,field.pose.orientation.z,field.pose.orientation.w,dsteamvr_x,dsteamvr_y,dsteamvr_z,drobot_x,drobot_y,drobot_z
1782457856085830450,110,1782457856085830450,steamvr_world,1.0640344619750977,0.7386327981948853,0.6119844913482666,0.431746135496514,0.5636361815403834,-0.5141980583366331,0.4811547424116676,0.0,0.0,0.0,0.0,0.0,0.0
1782457856119146347,111,1782457856119146347,steamvr_world,1.0640344619750977,0.7386327981948853,0.6119844913482666,0.431746135496514,0.5636361815403834,-0.5141980583366331,0.4811547424116676,0.0,0.0,0.0,0.0,0.0,0.0
1782457856152491092,112,1782457856152491092,steamvr_world,1.064803123474121,0.7385871410369873,0.6116318106651306,0.43250812512833803,0.5634815654415511,-0.5140623991132196,0.4807963154221022,0.0007686614990234375,-4.565715789794922e-05,-0.00035268068313598633,0.00035268068313598633,-0.0007686614990234375,-4.565715789794922e-05
1782457856185816287,113,1782457856185816287,steamvr_world,1.0655213594436646,0.7384263873100281,0.6111849546432495,0.4332210809171004,0.563254130621123,-0.5139513993506449,0.4805395285434654,0.0014868974685668945,-0.00020641088485717773,-0.0007995367050170898,0.0007995367050170898,-0.0014868974685668945,-0.00020641088485717773
1782457856219142436,114,1782457856219142436,steamvr_world,1.0655213594436646,0.7384263873100281,0.6111849546432495,0.4332210809171004,0.563254130621123,-0.5139513993506449,0.4805395285434654,0.0014868974685668945,-0.00020641088485717773,-0.0007995367050170898,0.0007995367050170898,-0.0014868974685668945,-0.00020641088485717773
1782457856252482652,115,1782457856252482652,steamvr_world,1.0663275718688965,0.7381051778793335,0.6105911135673523,0.43377150595975517,0.5630266968494413,-0.5140512069623872,0.4802026404266499,0.002293109893798828,-0.0005276203155517578,-0.0013933777809143066,0.0013933777809143066,-0.002293109893798828,-0.0005276203155517578
1782457856285847902,116,1782457856285847902,steamvr_world,1.0671753883361816,0.7378557324409485,0.6100097894668579,0.4338757423145357,0.5625807482535439,-0.5145717423109282,0.4800736026283775,0.0031409263610839844,-0.0007770657539367676,-0.0019747018814086914,0.0019747018814086914,-0.0031409263610839844,-0.0007770657539367676
1782457856319155931,117,1782457856319155931,steamvr_world,1.0671753883361816,0.7378557324409485,0.6100097894668579,0.4338757423145357,0.5625807482535439,-0.5145717423109282,0.4800736026283775,0.0031409263610839844,-0.0007770657539367676,-0.0019747018814086914,0.0019747018814086914,-0.0031409263610839844,-0.0007770657539367676
1782457856352487564,118,1782457856352487564,steamvr_world,1.068090796470642,0.737528383731842,0.609586775302887,0.4339535277225588,0.5624233286710306,-0.5146179525029377,0.4801382072960121,0.004056334495544434,-0.0011044144630432129,-0.0023977160453796387,0.0023977160453796387,-0.004056334495544434,-0.0011044144630432129
1782457856385818958,119,1782457856385818958,steamvr_world,1.0691335201263428,0.7372415065765381,0.6092856526374817,0.43381960368737593,0.561514438917139,-0.5157036723779206,0.4801581079603102,0.005099058151245117,-0.001391291618347168,-0.002698838710784912,0.002698838710784912,-0.005099058151245117,-0.001391291618347168
1782457856419143199,120,1782457856419143199,steamvr_world,1.0691335201263428,0.7372415065765381,0.6092856526374817,0.43381960368737593,0.561514438917139,-0.5157036723779206,0.4801581079603102,0.005099058151245117,-0.001391291618347168,-0.002698838710784912,0.002698838710784912,-0.005099058151245117,-0.001391291618347168
1782457856452478885,121,1782457856452478885,steamvr_world,1.0701977014541626,0.7369746565818787,0.6090396046638489,0.4335945265612956,0.5608187656477753,-0.5163479452298584,0.48048194356322577,0.006163239479064941,-0.0016581416130065918,-0.0029448866844177246,0.0029448866844177246,-0.006163239479064941,-0.0016581416130065918
1782457856485816001,122,1782457856485816001,steamvr_world,1.07126784324646,0.736731231212616,0.6087363958358765,0.4339593243316723,0.5611731575474674,-0.516081389342179,0.48002499064991405,0.007233381271362305,-0.0019015669822692871,-0.0032480955123901367,0.0032480955123901367,-0.007233381271362305,-0.0019015669822692871
1782457856519144296,123,1782457856519144296,steamvr_world,1.07126784324646,0.736731231212616,0.6087363958358765,0.4339593243316723,0.5611731575474674,-0.516081389342179,0.48002499064991405,0.007233381271362305,-0.0019015669822692871,-0.0032480955123901367,0.0032480955123901367,-0.007233381271362305,-0.0019015669822692871
1782457856552469253,124,1782457856552469253,steamvr_world,1.0723868608474731,0.7365307211875916,0.6082795262336731,0.43351687006925865,0.5613631074015938,-0.516232824720506,0.48003984802812727,0.008352398872375488,-0.002102077007293701,-0.003704965114593506,0.003704965114593506,-0.008352398872375488,-0.002102077007293701
1782457856585813760,125,1782457856585813760,steamvr_world,1.0738024711608887,0.7363887429237366,0.6077259182929993,0.4336136216182912,0.5614907991842956,-0.5162919219767075,0.479739471880361,0.009768009185791016,-0.0022440552711486816,-0.004258573055267334,0.004258573055267334,-0.009768009185791016,-0.0022440552711486816
1782457856619142770,126,1782457856619142770,steamvr_world,1.0738024711608887,0.7363887429237366,0.6077259182929993,0.4336136216182912,0.5614907991842956,-0.5162919219767075,0.479739471880361,0.009768009185791016,-0.0022440552711486816,-0.004258573055267334,0.004258573055267334,-0.009768009185791016,-0.0022440552711486816
1782457856652461767,127,1782457856652461767,steamvr_world,1.0738024711608887,0.7363887429237366,0.6077259182929993,0.4336136216182912,0.5614907991842956,-0.5162919219767075,0.479739471880361,0.009768009185791016,-0.0022440552711486816,-0.004258573055267334,0.004258573055267334,-0.009768009185791016,-0.0022440552711486816
1782457856685810804,128,1782457856685810804,steamvr_world,1.077298879623413,0.7362664937973022,0.606696605682373,0.4337148947718166,0.5612736189273289,-0.5162744961129688,0.4799207845182281,0.01326441764831543,-0.002366304397583008,-0.005287885665893555,0.005287885665893555,-0.01326441764831543,-0.002366304397583008
1782457856719139099,129,1782457856719139099,steamvr_world,1.077298879623413,0.7362664937973022,0.606696605682373,0.4337148947718166,0.5612736189273289,-0.5162744961129688,0.4799207845182281,0.01326441764831543,-0.002366304397583008,-0.005287885665893555,0.005287885665893555,-0.01326441764831543,-0.002366304397583008
1782457856752470016,130,1782457856752470016,steamvr_world,1.077298879623413,0.7362664937973022,0.606696605682373,0.4337148947718166,0.5612736189273289,-0.5162744961129688,0.4799207845182281,0.01326441764831543,-0.002366304397583008,-0.005287885665893555,0.005287885665893555,-0.01326441764831543,-0.002366304397583008
1782457856785816431,131,1782457856785816431,steamvr_world,1.0820822715759277,0.7358570098876953,0.6060826778411865,0.43425345069037524,0.5597808995330702,-0.5171937257153898,0.48018739588007003,0.018047809600830078,-0.0027757883071899414,-0.005901813507080078,0.005901813507080078,-0.018047809600830078,-0.0027757883071899414
1782457856819144248,132,1782457856819144248,steamvr_world,1.0820822715759277,0.7358570098876953,0.6060826778411865,0.43425345069037524,0.5597808995330702,-0.5171937257153898,0.48018739588007003,0.018047809600830078,-0.0027757883071899414,-0.005901813507080078,0.005901813507080078,-0.018047809600830078,-0.0027757883071899414
1782457856852473258,133,1782457856852473258,steamvr_world,1.0820822715759277,0.7358570098876953,0.6060826778411865,0.43425345069037524,0.5597808995330702,-0.5171937257153898,0.48018739588007003,0.018047809600830078,-0.0027757883071899414,-0.005901813507080078,0.005901813507080078,-0.018047809600830078,-0.0027757883071899414
1782457856885807514,134,1782457856885807514,steamvr_world,1.0877676010131836,0.7357649803161621,0.6048424243927002,0.4338852850293408,0.559000518855695,-0.5181814955843133,0.4803643585738597,0.023733139038085938,-0.0028678178787231445,-0.007142066955566406,0.007142066955566406,-0.023733139038085938,-0.0028678178787231445
1782457856919139623,135,1782457856919139623,steamvr_world,1.0877676010131836,0.7357649803161621,0.6048424243927002,0.4338852850293408,0.559000518855695,-0.5181814955843133,0.4803643585738597,0.023733139038085938,-0.0028678178787231445,-0.007142066955566406,0.007142066955566406,-0.023733139038085938,-0.0028678178787231445
1782457856952519416,136,1782457856952519416,steamvr_world,1.0877676010131836,0.7357649803161621,0.6048424243927002,0.4338852850293408,0.559000518855695,-0.5181814955843133,0.4803643585738597,0.023733139038085938,-0.0028678178787231445,-0.007142066955566406,0.007142066955566406,-0.023733139038085938,-0.0028678178787231445
1782457856985842227,137,1782457856985842227,steamvr_world,1.093997597694397,0.7362978458404541,0.6024996042251587,0.43266043269255583,0.5598038268949252,-0.5178101406986988,0.48093376213952843,0.029963135719299316,-0.0023349523544311523,-0.00948488712310791,0.00948488712310791,-0.029963135719299316,-0.0023349523544311523
1782457857019147872,138,1782457857019147872,steamvr_world,1.093997597694397,0.7362978458404541,0.6024996042251587,0.43266043269255583,0.5598038268949252,-0.5178101406986988,0.48093376213952843,0.029963135719299316,-0.0023349523544311523,-0.00948488712310791,0.00948488712310791,-0.029963135719299316,-0.0023349523544311523
1782457857052466154,139,1782457857052466154,steamvr_world,1.093997597694397,0.7362978458404541,0.6024996042251587,0.43266043269255583,0.5598038268949252,-0.5178101406986988,0.48093376213952843,0.029963135719299316,-0.0023349523544311523,-0.00948488712310791,0.00948488712310791,-0.029963135719299316,-0.0023349523544311523
1782457857085807085,140,1782457857085807085,steamvr_world,1.1011394262313843,0.7363974452018738,0.6000735759735107,0.4322661334545335,0.5590320283832454,-0.5190597608463882,0.48083900193315443,0.03710496425628662,-0.0022353529930114746,-0.01191091537475586,0.01191091537475586,-0.03710496425628662,-0.0022353529930114746
1782457857119150161,141,1782457857119150161,steamvr_world,1.1011394262313843,0.7363974452018738,0.6000735759735107,0.4322661334545335,0.5590320283832454,-0.5190597608463882,0.48083900193315443,0.03710496425628662,-0.0022353529930114746,-0.01191091537475586,0.01191091537475586,-0.03710496425628662,-0.0022353529930114746
1782457857152462959,142,1782457857152462959,steamvr_world,1.1011394262313843,0.7363974452018738,0.6000735759735107,0.4322661334545335,0.5590320283832454,-0.5190597608463882,0.48083900193315443,0.03710496425628662,-0.0022353529930114746,-0.01191091537475586,0.01191091537475586,-0.03710496425628662,-0.0022353529930114746
1782457857185801029,143,1782457857185801029,steamvr_world,1.1088752746582031,0.7355806827545166,0.5982365012168884,0.4322047144714783,0.5570320240961539,-0.5207467844086531,0.4813908967232529,0.04484081268310547,-0.0030521154403686523,-0.013747990131378174,0.013747990131378174,-0.04484081268310547,-0.0030521154403686523
1782457857219139337,144,1782457857219139337,steamvr_world,1.1088752746582031,0.7355806827545166,0.5982365012168884,0.4322047144714783,0.5570320240961539,-0.5207467844086531,0.4813908967232529,0.04484081268310547,-0.0030521154403686523,-0.013747990131378174,0.013747990131378174,-0.04484081268310547,-0.0030521154403686523
1782457857252457618,145,1782457857252457618,steamvr_world,1.1088752746582031,0.7355806827545166,0.5982365012168884,0.4322047144714783,0.5570320240961539,-0.5207467844086531,0.4813908967232529,0.04484081268310547,-0.0030521154403686523,-0.013747990131378174,0.013747990131378174,-0.04484081268310547,-0.0030521154403686523
1782457857285815954,146,1782457857285815954,steamvr_world,1.1165783405303955,0.7348301410675049,0.5968660712242126,0.4326694182120991,0.5557335886385693,-0.5216868950792201,0.48145626645158973,0.05254387855529785,-0.003802657127380371,-0.015118420124053955,0.015118420124053955,-0.05254387855529785,-0.003802657127380371
1782457857319164752,147,1782457857319164752,steamvr_world,1.1165783405303955,0.7348301410675049,0.5968660712242126,0.4326694182120991,0.5557335886385693,-0.5216868950792201,0.48145626645158973,0.05254387855529785,-0.003802657127380371,-0.015118420124053955,0.015118420124053955,-0.05254387855529785,-0.003802657127380371
1782457857352472305,148,1782457857352472305,steamvr_world,1.1165783405303955,0.7348301410675049,0.5968660712242126,0.4326694182120991,0.5557335886385693,-0.5216868950792201,0.48145626645158973,0.05254387855529785,-0.003802657127380371,-0.015118420124053955,0.015118420124053955,-0.05254387855529785,-0.003802657127380371
1782457857385809421,149,1782457857385809421,steamvr_world,1.1238362789154053,0.7342441082000732,0.5956568121910095,0.4323258147885265,0.5562794164458383,-0.5207070368065029,0.48219475580547916,0.05980181694030762,-0.004388689994812012,-0.01632767915725708,0.01632767915725708,-0.05980181694030762,-0.004388689994812012
1782457857419147014,150,1782457857419147014,steamvr_world,1.1238362789154053,0.7342441082000732,0.5956568121910095,0.4323258147885265,0.5562794164458383,-0.5207070368065029,0.48219475580547916,0.05980181694030762,-0.004388689994812012,-0.01632767915725708,0.01632767915725708,-0.05980181694030762,-0.004388689994812012
1782457857452462911,151,1782457857452462911,steamvr_world,1.1238362789154053,0.7342441082000732,0.5956568121910095,0.4323258147885265,0.5562794164458383,-0.5207070368065029,0.48219475580547916,0.05980181694030762,-0.004388689994812012,-0.01632767915725708,0.01632767915725708,-0.05980181694030762,-0.004388689994812012
1782457857485800504,152,1782457857485800504,steamvr_world,1.13106107711792,0.7333472967147827,0.5945992469787598,0.4322143407611173,0.5558984164588069,-0.5212289609608177,0.4821701820672135,0.06702661514282227,-0.005285501480102539,-0.017385244369506836,0.017385244369506836,-0.06702661514282227,-0.005285501480102539
1782457857519138813,153,1782457857519138813,steamvr_world,1.13106107711792,0.7333472967147827,0.5945992469787598,0.4322143407611173,0.5558984164588069,-0.5212289609608177,0.4821701820672135,0.06702661514282227,-0.005285501480102539,-0.017385244369506836,0.017385244369506836,-0.06702661514282227,-0.005285501480102539
1782457857552466630,154,1782457857552466630,steamvr_world,1.13106107711792,0.7333472967147827,0.5945992469787598,0.4322143407611173,0.5558984164588069,-0.5212289609608177,0.4821701820672135,0.06702661514282227,-0.005285501480102539,-0.017385244369506836,0.017385244369506836,-0.06702661514282227,-0.005285501480102539
1782457857585804700,155,1782457857585804700,steamvr_world,1.139552354812622,0.732826292514801,0.5939007997512817,0.4324440094541346,0.5557226357748188,-0.5195912183355601,0.48393129326722484,0.07551789283752441,-0.0058065056800842285,-0.018083691596984863,0.018083691596984863,-0.07551789283752441,-0.0058065056800842285
1782457857619132518,156,1782457857619132518,steamvr_world,1.139552354812622,0.732826292514801,0.5939007997512817,0.4324440094541346,0.5557226357748188,-0.5195912183355601,0.48393129326722484,0.07551789283752441,-0.0058065056800842285,-0.018083691596984863,0.018083691596984863,-0.07551789283752441,-0.0058065056800842285
1782457857652458190,157,1782457857652458190,steamvr_world,1.139552354812622,0.732826292514801,0.5939007997512817,0.4324440094541346,0.5557226357748188,-0.5195912183355601,0.48393129326722484,0.07551789283752441,-0.0058065056800842285,-0.018083691596984863,0.018083691596984863,-0.07551789283752441,-0.0058065056800842285
1782457857685797452,158,1782457857685797452,steamvr_world,1.1486644744873047,0.7323344349861145,0.5940276980400085,0.43455086704421847,0.5560352503642415,-0.5176781962123265,0.4837350819093497,0.08463001251220703,-0.006298363208770752,-0.017956793308258057,0.017956793308258057,-0.08463001251220703,-0.006298363208770752
1782457857719140052,159,1782457857719140052,steamvr_world,1.1486644744873047,0.7323344349861145,0.5940276980400085,0.43455086704421847,0.5560352503642415,-0.5176781962123265,0.4837350819093497,0.08463001251220703,-0.006298363208770752,-0.017956793308258057,0.017956793308258057,-0.08463001251220703,-0.006298363208770752
1782457857752459049,160,1782457857752459049,steamvr_world,1.1486644744873047,0.7323344349861145,0.5940276980400085,0.43455086704421847,0.5560352503642415,-0.5176781962123265,0.4837350819093497,0.08463001251220703,-0.006298363208770752,-0.017956793308258057,0.017956793308258057,-0.08463001251220703,-0.006298363208770752
1782457857785797834,161,1782457857785797834,steamvr_world,1.1570595502853394,0.7309665679931641,0.593693196773529,0.43499745715403154,0.5556969726880869,-0.518225510266164,0.48313601327596767,0.0930250883102417,-0.007666230201721191,-0.01829129457473755,0.01829129457473755,-0.0930250883102417,-0.007666230201721191
1782457857819173336,162,1782457857819173336,steamvr_world,1.1570595502853394,0.7309665679931641,0.593693196773529,0.43499745715403154,0.5556969726880869,-0.518225510266164,0.48313601327596767,0.0930250883102417,-0.007666230201721191,-0.01829129457473755,0.01829129457473755,-0.0930250883102417,-0.007666230201721191
1782457857852465629,163,1782457857852465629,steamvr_world,1.1570595502853394,0.7309665679931641,0.593693196773529,0.43499745715403154,0.5556969726880869,-0.518225510266164,0.48313601327596767,0.0930250883102417,-0.007666230201721191,-0.01829129457473755,0.01829129457473755,-0.0930250883102417,-0.007666230201721191
1782457857885801792,164,1782457857885801792,steamvr_world,1.1656322479248047,0.729299008846283,0.5929125547409058,0.4343519338146611,0.5553727582216841,-0.5197670511885937,0.48243311403283373,0.10159778594970703,-0.009333789348602295,-0.01907193660736084,0.01907193660736084,-0.10159778594970703,-0.009333789348602295
1782457857919139385,165,1782457857919139385,steamvr_world,1.1656322479248047,0.729299008846283,0.5929125547409058,0.4343519338146611,0.5553727582216841,-0.5197670511885937,0.48243311403283373,0.10159778594970703,-0.009333789348602295,-0.01907193660736084,0.01907193660736084,-0.10159778594970703,-0.009333789348602295
1782457857952462673,166,1782457857952462673,steamvr_world,1.1656322479248047,0.729299008846283,0.5929125547409058,0.4343519338146611,0.5553727582216841,-0.5197670511885937,0.48243311403283373,0.10159778594970703,-0.009333789348602295,-0.01907193660736084,0.01907193660736084,-0.10159778594970703,-0.009333789348602295
1782457857985804080,167,1782457857985804080,steamvr_world,1.1746528148651123,0.7280914187431335,0.5915061235427856,0.4339844210232064,0.5555657118488669,-0.5202225724173298,0.4820505546874833,0.11061835289001465,-0.010541379451751709,-0.020478367805480957,0.020478367805480957,-0.11061835289001465,-0.010541379451751709
1782457858019134521,168,1782457858019134521,steamvr_world,1.1746528148651123,0.7280914187431335,0.5915061235427856,0.4339844210232064,0.5555657118488669,-0.5202225724173298,0.4820505546874833,0.11061835289001465,-0.010541379451751709,-0.020478367805480957,0.020478367805480957,-0.11061835289001465,-0.010541379451751709
1782457858052469491,169,1782457858052469491,steamvr_world,1.1746528148651123,0.7280914187431335,0.5915061235427856,0.4339844210232064,0.5555657118488669,-0.5202225724173298,0.4820505546874833,0.11061835289001465,-0.010541379451751709,-0.020478367805480957,0.020478367805480957,-0.11061835289001465,-0.010541379451751709
1782457858085792064,170,1782457858085792064,steamvr_world,1.1746528148651123,0.7280914187431335,0.5915061235427856,0.4339844210232064,0.5555657118488669,-0.5202225724173298,0.4820505546874833,0.11061835289001465,-0.010541379451751709,-0.020478367805480957,0.020478367805480957,-0.11061835289001465,-0.010541379451751709
1782457858119138002,171,1782457858119138002,steamvr_world,1.1840373277664185,0.7275911569595337,0.5896061062812805,0.43282033398715164,0.5553458596036455,-0.5215490395600313,0.48191714437478506,0.1200028657913208,-0.011041641235351562,-0.022378385066986084,0.022378385066986084,-0.1200028657913208,-0.011041641235351562
1782457858152461290,172,1782457858152461290,steamvr_world,1.1840373277664185,0.7275911569595337,0.5896061062812805,0.43282033398715164,0.5553458596036455,-0.5215490395600313,0.48191714437478506,0.1200028657913208,-0.011041641235351562,-0.022378385066986084,0.022378385066986084,-0.1200028657913208,-0.011041641235351562
1782457858185793638,173,1782457858185793638,steamvr_world,1.1840373277664185,0.7275911569595337,0.5896061062812805,0.43282033398715164,0.5553458596036455,-0.5215490395600313,0.48191714437478506,0.1200028657913208,-0.011041641235351562,-0.022378385066986084,0.022378385066986084,-0.1200028657913208,-0.011041641235351562
1782457858219136714,174,1782457858219136714,steamvr_world,1.193643569946289,0.7277333736419678,0.5877127647399902,0.4313963892052384,0.5569056203898455,-0.5208037717112564,0.4821998721797977,0.1296091079711914,-0.01089942455291748,-0.024271726608276367,0.024271726608276367,-0.1296091079711914,-0.01089942455291748
1782457858252469539,175,1782457858252469539,steamvr_world,1.193643569946289,0.7277333736419678,0.5877127647399902,0.4313963892052384,0.5569056203898455,-0.5208037717112564,0.4821998721797977,0.1296091079711914,-0.01089942455291748,-0.024271726608276367,0.024271726608276367,-0.1296091079711914,-0.01089942455291748
1782457858285796165,176,1782457858285796165,steamvr_world,1.193643569946289,0.7277333736419678,0.5877127647399902,0.4313963892052384,0.5569056203898455,-0.5208037717112564,0.4821998721797977,0.1296091079711914,-0.01089942455291748,-0.024271726608276367,0.024271726608276367,-0.1296091079711914,-0.01089942455291748
1782457858319156646,177,1782457858319156646,steamvr_world,1.2037134170532227,0.7281814813613892,0.5857271552085876,0.430682296980947,0.5577000875006047,-0.5204486604575501,0.48230339341225326,0.139678955078125,-0.010451316833496094,-0.026257336139678955,0.026257336139678955,-0.139678955078125,-0.010451316833496094
1782457858352463960,178,1782457858352463960,steamvr_world,1.2037134170532227,0.7281814813613892,0.5857271552085876,0.430682296980947,0.5577000875006047,-0.5204486604575501,0.48230339341225326,0.139678955078125,-0.010451316833496094,-0.026257336139678955,0.026257336139678955,-0.139678955078125,-0.010451316833496094
1782457858385802507,179,1782457858385802507,steamvr_world,1.2037134170532227,0.7281814813613892,0.5857271552085876,0.430682296980947,0.5577000875006047,-0.5204486604575501,0.48230339341225326,0.139678955078125,-0.010451316833496094,-0.026257336139678955,0.026257336139678955,-0.139678955078125,-0.010451316833496094
1782457858419132232,180,1782457858419132232,steamvr_world,1.2037134170532227,0.7281814813613892,0.5857271552085876,0.430682296980947,0.5577000875006047,-0.5204486604575501,0.48230339341225326,0.139678955078125,-0.010451316833496094,-0.026257336139678955,0.026257336139678955,-0.139678955078125,-0.010451316833496094
1782457858452461004,181,1782457858452461004,steamvr_world,1.2037134170532227,0.7281814813613892,0.5857271552085876,0.430682296980947,0.5577000875006047,-0.5204486604575501,0.48230339341225326,0.139678955078125,-0.010451316833496094,-0.026257336139678955,0.026257336139678955,-0.139678955078125,-0.010451316833496094
1782457858485798120,182,1782457858485798120,steamvr_world,1.2037134170532227,0.7281814813613892,0.5857271552085876,0.430682296980947,0.5577000875006047,-0.5204486604575501,0.48230339341225326,0.139678955078125,-0.010451316833496094,-0.026257336139678955,0.026257336139678955,-0.139678955078125,-0.010451316833496094
1782457858519136190,183,1782457858519136190,steamvr_world,1.2037134170532227,0.7281814813613892,0.5857271552085876,0.430682296980947,0.5577000875006047,-0.5204486604575501,0.48230339341225326,0.139678955078125,-0.010451316833496094,-0.026257336139678955,0.026257336139678955,-0.139678955078125,-0.010451316833496094
1782457858552463531,184,1782457858552463531,steamvr_world,1.2037134170532227,0.7281814813613892,0.5857271552085876,0.430682296980947,0.5577000875006047,-0.5204486604575501,0.48230339341225326,0.139678955078125,-0.010451316833496094,-0.026257336139678955,0.026257336139678955,-0.139678955078125,-0.010451316833496094
1782457858585794448,185,1782457858585794448,steamvr_world,1.2037134170532227,0.7281814813613892,0.5857271552085876,0.430682296980947,0.5577000875006047,-0.5204486604575501,0.48230339341225326,0.139678955078125,-0.010451316833496094,-0.026257336139678955,0.026257336139678955,-0.139678955078125,-0.010451316833496094
1782457858619134426,186,1782457858619134426,steamvr_world,1.2037134170532227,0.7281814813613892,0.5857271552085876,0.430682296980947,0.5577000875006047,-0.5204486604575501,0.48230339341225326,0.139678955078125,-0.010451316833496094,-0.026257336139678955,0.026257336139678955,-0.139678955078125,-0.010451316833496094
1782457858652469873,187,1782457858652469873,steamvr_world,1.2037134170532227,0.7281814813613892,0.5857271552085876,0.430682296980947,0.5577000875006047,-0.5204486604575501,0.48230339341225326,0.139678955078125,-0.010451316833496094,-0.026257336139678955,0.026257336139678955,-0.139678955078125,-0.010451316833496094
1782457858685797452,188,1782457858685797452,steamvr_world,1.2037134170532227,0.7281814813613892,0.5857271552085876,0.430682296980947,0.5577000875006047,-0.5204486604575501,0.48230339341225326,0.139678955078125,-0.010451316833496094,-0.026257336139678955,0.026257336139678955,-0.139678955078125,-0.010451316833496094
1782457858719132900,189,1782457858719132900,steamvr_world,1.2037134170532227,0.7281814813613892,0.5857271552085876,0.430682296980947,0.5577000875006047,-0.5204486604575501,0.48230339341225326,0.139678955078125,-0.010451316833496094,-0.026257336139678955,0.026257336139678955,-0.139678955078125,-0.010451316833496094
1782457858752463817,190,1782457858752463817,steamvr_world,1.2037134170532227,0.7281814813613892,0.5857271552085876,0.430682296980947,0.5577000875006047,-0.5204486604575501,0.48230339341225326,0.139678955078125,-0.010451316833496094,-0.026257336139678955,0.026257336139678955,-0.139678955078125,-0.010451316833496094
1782457858785797119,191,1782457858785797119,steamvr_world,1.2037134170532227,0.7281814813613892,0.5857271552085876,0.430682296980947,0.5577000875006047,-0.5204486604575501,0.48230339341225326,0.139678955078125,-0.010451316833496094,-0.026257336139678955,0.026257336139678955,-0.139678955078125,-0.010451316833496094
1782457858819138765,192,1782457858819138765,steamvr_world,1.2037134170532227,0.7281814813613892,0.5857271552085876,0.430682296980947,0.5577000875006047,-0.5204486604575501,0.48230339341225326,0.139678955078125,-0.010451316833496094,-0.026257336139678955,0.026257336139678955,-0.139678955078125,-0.010451316833496094
1782457858852468252,193,1782457858852468252,steamvr_world,1.2037134170532227,0.7281814813613892,0.5857271552085876,0.430682296980947,0.5577000875006047,-0.5204486604575501,0.48230339341225326,0.139678955078125,-0.010451316833496094,-0.026257336139678955,0.026257336139678955,-0.139678955078125,-0.010451316833496094
1782457858885798215,194,1782457858885798215,steamvr_world,1.2037134170532227,0.7281814813613892,0.5857271552085876,0.430682296980947,0.5577000875006047,-0.5204486604575501,0.48230339341225326,0.139678955078125,-0.010451316833496094,-0.026257336139678955,0.026257336139678955,-0.139678955078125,-0.010451316833496094
1782457858919139385,195,1782457858919139385,steamvr_world,1.260420322418213,0.7271736860275269,0.5766789317131042,0.42749378887838435,0.5592354052017839,-0.5192366517980079,0.48466289466885554,0.19638586044311523,-0.011459112167358398,-0.035305559635162354,0.035305559635162354,-0.19638586044311523,-0.011459112167358398
1782457858952466249,196,1782457858952466249,steamvr_world,1.260420322418213,0.7271736860275269,0.5766789317131042,0.42749378887838435,0.5592354052017839,-0.5192366517980079,0.48466289466885554,0.19638586044311523,-0.011459112167358398,-0.035305559635162354,0.035305559635162354,-0.19638586044311523,-0.011459112167358398
1782457858985798358,197,1782457858985798358,steamvr_world,1.260420322418213,0.7271736860275269,0.5766789317131042,0.42749378887838435,0.5592354052017839,-0.5192366517980079,0.48466289466885554,0.19638586044311523,-0.011459112167358398,-0.035305559635162354,0.035305559635162354,-0.19638586044311523,-0.011459112167358398
1782457859019146442,198,1782457859019146442,steamvr_world,1.282807469367981,0.7222684025764465,0.5736894607543945,0.4286312779624408,0.5572640327287562,-0.5201432869563487,0.48495668508993034,0.2187730073928833,-0.01636439561843872,-0.03829503059387207,0.03829503059387207,-0.2187730073928833,-0.01636439561843872
1782457859052476644,199,1782457859052476644,steamvr_world,1.282807469367981,0.7222684025764465,0.5736894607543945,0.4286312779624408,0.5572640327287562,-0.5201432869563487,0.48495668508993034,0.2187730073928833,-0.01636439561843872,-0.03829503059387207,0.03829503059387207,-0.2187730073928833,-0.01636439561843872
1782457859085810661,200,1782457859085810661,steamvr_world,1.282807469367981,0.7222684025764465,0.5736894607543945,0.4286312779624408,0.5572640327287562,-0.5201432869563487,0.48495668508993034,0.2187730073928833,-0.01636439561843872,-0.03829503059387207,0.03829503059387207,-0.2187730073928833,-0.01636439561843872
1782457859119145631,201,1782457859119145631,steamvr_world,1.294747233390808,0.7201552987098694,0.5731235146522522,0.42727415319168055,0.5568440573107092,-0.5201912857698133,0.486582490500047,0.23071277141571045,-0.01847749948501587,-0.038860976696014404,0.038860976696014404,-0.23071277141571045,-0.01847749948501587
1782457859152477025,202,1782457859152477025,steamvr_world,1.294747233390808,0.7201552987098694,0.5731235146522522,0.42727415319168055,0.5568440573107092,-0.5201912857698133,0.486582490500047,0.23071277141571045,-0.01847749948501587,-0.038860976696014404,0.038860976696014404,-0.23071277141571045,-0.01847749948501587
1782457859185806751,203,1782457859185806751,steamvr_world,1.294747233390808,0.7201552987098694,0.5731235146522522,0.42727415319168055,0.5568440573107092,-0.5201912857698133,0.486582490500047,0.23071277141571045,-0.01847749948501587,-0.038860976696014404,0.038860976696014404,-0.23071277141571045,-0.01847749948501587
1782457859219140052,204,1782457859219140052,steamvr_world,1.306579828262329,0.719067394733429,0.5721479058265686,0.4281709928626308,0.558489035226078,-0.5167362241220104,0.4875892462753882,0.24254536628723145,-0.0195654034614563,-0.039836585521698,0.039836585521698,-0.24254536628723145,-0.0195654034614563
1782457859252467632,205,1782457859252467632,steamvr_world,1.306579828262329,0.719067394733429,0.5721479058265686,0.4281709928626308,0.558489035226078,-0.5167362241220104,0.4875892462753882,0.24254536628723145,-0.0195654034614563,-0.039836585521698,0.039836585521698,-0.24254536628723145,-0.0195654034614563
1782457859285806179,206,1782457859285806179,steamvr_world,1.306579828262329,0.719067394733429,0.5721479058265686,0.4281709928626308,0.558489035226078,-0.5167362241220104,0.4875892462753882,0.24254536628723145,-0.0195654034614563,-0.039836585521698,0.039836585521698,-0.24254536628723145,-0.0195654034614563
1782457859319135189,207,1782457859319135189,steamvr_world,1.3183518648147583,0.7175389528274536,0.570862889289856,0.4295293489076886,0.5600948541246897,-0.513460638684109,0.488012771689519,0.25431740283966064,-0.02109384536743164,-0.041121602058410645,0.041121602058410645,-0.25431740283966064,-0.02109384536743164
1782457859352478742,208,1782457859352478742,steamvr_world,1.3183518648147583,0.7175389528274536,0.570862889289856,0.4295293489076886,0.5600948541246897,-0.513460638684109,0.488012771689519,0.25431740283966064,-0.02109384536743164,-0.041121602058410645,0.041121602058410645,-0.25431740283966064,-0.02109384536743164
1782457859385810375,209,1782457859385810375,steamvr_world,1.3183518648147583,0.7175389528274536,0.570862889289856,0.4295293489076886,0.5600948541246897,-0.513460638684109,0.488012771689519,0.25431740283966064,-0.02109384536743164,-0.041121602058410645,0.041121602058410645,-0.25431740283966064,-0.02109384536743164
1782457859419125795,210,1782457859419125795,steamvr_world,1.330078363418579,0.7156749963760376,0.5683037638664246,0.4281454596681408,0.5602789332196739,-0.5140164262880104,0.4884322838038891,0.26604390144348145,-0.022957801818847656,-0.04368072748184204,0.04368072748184204,-0.26604390144348145,-0.022957801818847656
1782457859452467203,211,1782457859452467203,steamvr_world,1.330078363418579,0.7156749963760376,0.5683037638664246,0.4281454596681408,0.5602789332196739,-0.5140164262880104,0.4884322838038891,0.26604390144348145,-0.022957801818847656,-0.04368072748184204,0.04368072748184204,-0.26604390144348145,-0.022957801818847656
1782457859485811233,212,1782457859485811233,steamvr_world,1.330078363418579,0.7156749963760376,0.5683037638664246,0.4281454596681408,0.5602789332196739,-0.5140164262880104,0.4884322838038891,0.26604390144348145,-0.022957801818847656,-0.04368072748184204,0.04368072748184204,-0.26604390144348145,-0.022957801818847656
1782457859519139528,213,1782457859519139528,steamvr_world,1.330078363418579,0.7156749963760376,0.5683037638664246,0.4281454596681408,0.5602789332196739,-0.5140164262880104,0.4884322838038891,0.26604390144348145,-0.022957801818847656,-0.04368072748184204,0.04368072748184204,-0.26604390144348145,-0.022957801818847656
1782457859552474975,214,1782457859552474975,steamvr_world,1.3421343564987183,0.7138990163803101,0.5658224821090698,0.4271747083951445,0.5599540251743748,-0.5140741809748571,0.4895926823938127,0.2780998945236206,-0.024733781814575195,-0.04616200923919678,0.04616200923919678,-0.2780998945236206,-0.024733781814575195
1782457859585814476,215,1782457859585814476,steamvr_world,1.3421343564987183,0.7138990163803101,0.5658224821090698,0.4271747083951445,0.5599540251743748,-0.5140741809748571,0.4895926823938127,0.2780998945236206,-0.024733781814575195,-0.04616200923919678,0.04616200923919678,-0.2780998945236206,-0.024733781814575195
1782457859619141101,216,1782457859619141101,steamvr_world,1.3421343564987183,0.7138990163803101,0.5658224821090698,0.4271747083951445,0.5599540251743748,-0.5140741809748571,0.4895926823938127,0.2780998945236206,-0.024733781814575195,-0.04616200923919678,0.04616200923919678,-0.2780998945236206,-0.024733781814575195
1782457859652474641,217,1782457859652474641,steamvr_world,1.3550856113433838,0.7125332355499268,0.5649638175964355,0.42797750467282736,0.559289857274842,-0.5112706840369032,0.4925773022459967,0.29105114936828613,-0.026099562644958496,-0.047020673751831055,0.047020673751831055,-0.29105114936828613,-0.026099562644958496
1782457859685807704,218,1782457859685807704,steamvr_world,1.3550856113433838,0.7125332355499268,0.5649638175964355,0.42797750467282736,0.559289857274842,-0.5112706840369032,0.4925773022459967,0.29105114936828613,-0.026099562644958496,-0.047020673751831055,0.047020673751831055,-0.29105114936828613,-0.026099562644958496
1782457859719137907,219,1782457859719137907,steamvr_world,1.3550856113433838,0.7125332355499268,0.5649638175964355,0.42797750467282736,0.559289857274842,-0.5112706840369032,0.4925773022459967,0.29105114936828613,-0.026099562644958496,-0.047020673751831055,0.047020673751831055,-0.29105114936828613,-0.026099562644958496
1782457859752477884,220,1782457859752477884,steamvr_world,1.3675581216812134,0.7110581994056702,0.5652254819869995,0.4280480741517537,0.5570984672477067,-0.5113263877425609,0.49493582331790753,0.3035236597061157,-0.027574598789215088,-0.04675900936126709,0.04675900936126709,-0.3035236597061157,-0.027574598789215088
1782457859785809755,221,1782457859785809755,steamvr_world,1.3675581216812134,0.7110581994056702,0.5652254819869995,0.4280480741517537,0.5570984672477067,-0.5113263877425609,0.49493582331790753,0.3035236597061157,-0.027574598789215088,-0.04675900936126709,0.04675900936126709,-0.3035236597061157,-0.027574598789215088
1782457859819180727,222,1782457859819180727,steamvr_world,1.3675581216812134,0.7110581994056702,0.5652254819869995,0.4280480741517537,0.5570984672477067,-0.5113263877425609,0.49493582331790753,0.3035236597061157,-0.027574598789215088,-0.04675900936126709,0.04675900936126709,-0.3035236597061157,-0.027574598789215088
1782457859852498769,223,1782457859852498769,steamvr_world,1.379164218902588,0.7098161578178406,0.5651594400405884,0.42661128585605934,0.5542294558312683,-0.5132885119151525,0.4973604574201134,0.31512975692749023,-0.028816640377044678,-0.04682505130767822,0.04682505130767822,-0.31512975692749023,-0.028816640377044678
1782457859885823011,224,1782457859885823011,steamvr_world,1.379164218902588,0.7098161578178406,0.5651594400405884,0.42661128585605934,0.5542294558312683,-0.5132885119151525,0.4973604574201134,0.31512975692749023,-0.028816640377044678,-0.04682505130767822,0.04682505130767822,-0.31512975692749023,-0.028816640377044678
1782457859919167995,225,1782457859919167995,steamvr_world,1.379164218902588,0.7098161578178406,0.5651594400405884,0.42661128585605934,0.5542294558312683,-0.5132885119151525,0.4973604574201134,0.31512975692749023,-0.028816640377044678,-0.04682505130767822,0.04682505130767822,-0.31512975692749023,-0.028816640377044678
1782457859952521562,226,1782457859952521562,steamvr_world,1.3920414447784424,0.7106943726539612,0.5656954050064087,0.4271692093634648,0.5525218165629636,-0.5109423611422189,0.501182613808749,0.3280069828033447,-0.027938425540924072,-0.04628908634185791,0.04628908634185791,-0.3280069828033447,-0.027938425540924072
1782457859985817193,227,1782457859985817193,steamvr_world,1.3920414447784424,0.7106943726539612,0.5656954050064087,0.4271692093634648,0.5525218165629636,-0.5109423611422189,0.501182613808749,0.3280069828033447,-0.027938425540924072,-0.04628908634185791,0.04628908634185791,-0.3280069828033447,-0.027938425540924072
1782457860019146442,228,1782457860019146442,steamvr_world,1.3920414447784424,0.7106943726539612,0.5656954050064087,0.4271692093634648,0.5525218165629636,-0.5109423611422189,0.501182613808749,0.3280069828033447,-0.027938425540924072,-0.04628908634185791,0.04628908634185791,-0.3280069828033447,-0.027938425540924072
1782457860052482604,229,1782457860052482604,steamvr_world,1.4043688774108887,0.712300181388855,0.5657952427864075,0.42843608735266947,0.550793923619271,-0.5103728412369991,0.502581471689613,0.340334415435791,-0.026332616806030273,-0.04618924856185913,0.04618924856185913,-0.340334415435791,-0.026332616806030273
1782457860085813999,230,1782457860085813999,steamvr_world,1.4043688774108887,0.712300181388855,0.5657952427864075,0.42843608735266947,0.550793923619271,-0.5103728412369991,0.502581471689613,0.340334415435791,-0.026332616806030273,-0.04618924856185913,0.04618924856185913,-0.340334415435791,-0.026332616806030273
1782457860119138956,231,1782457860119138956,steamvr_world,1.4043688774108887,0.712300181388855,0.5657952427864075,0.42843608735266947,0.550793923619271,-0.5103728412369991,0.502581471689613,0.340334415435791,-0.026332616806030273,-0.04618924856185913,0.04618924856185913,-0.340334415435791,-0.026332616806030273
1782457860152472734,232,1782457860152472734,steamvr_world,1.4136643409729004,0.7133567929267883,0.5639870166778564,0.4251846487553846,0.5534541887711113,-0.5104703764400023,0.5023210827465574,0.34962987899780273,-0.025276005268096924,-0.047997474670410156,0.047997474670410156,-0.34962987899780273,-0.025276005268096924
1782457860185802936,233,1782457860185802936,steamvr_world,1.4136643409729004,0.7133567929267883,0.5639870166778564,0.4251846487553846,0.5534541887711113,-0.5104703764400023,0.5023210827465574,0.34962987899780273,-0.025276005268096924,-0.047997474670410156,0.047997474670410156,-0.34962987899780273,-0.025276005268096924
1782457860219137430,234,1782457860219137430,steamvr_world,1.4136643409729004,0.7133567929267883,0.5639870166778564,0.4251846487553846,0.5534541887711113,-0.5104703764400023,0.5023210827465574,0.34962987899780273,-0.025276005268096924,-0.047997474670410156,0.047997474670410156,-0.34962987899780273,-0.025276005268096924
1782457860252469062,235,1782457860252469062,steamvr_world,1.4222382307052612,0.7126747369766235,0.5612008571624756,0.4211814755916289,0.55525926545367,-0.5125289390038762,0.5016048239698957,0.3582037687301636,-0.02595806121826172,-0.050783634185791016,0.050783634185791016,-0.3582037687301636,-0.02595806121826172
1782457860285805225,236,1782457860285805225,steamvr_world,1.4222382307052612,0.7126747369766235,0.5612008571624756,0.4211814755916289,0.55525926545367,-0.5125289390038762,0.5016048239698957,0.3582037687301636,-0.02595806121826172,-0.050783634185791016,0.050783634185791016,-0.3582037687301636,-0.02595806121826172
1782457860319136619,237,1782457860319136619,steamvr_world,1.4222382307052612,0.7126747369766235,0.5612008571624756,0.4211814755916289,0.55525926545367,-0.5125289390038762,0.5016048239698957,0.3582037687301636,-0.02595806121826172,-0.050783634185791016,0.050783634185791016,-0.3582037687301636,-0.02595806121826172
1782457860352469444,238,1782457860352469444,steamvr_world,1.4320766925811768,0.7115538716316223,0.5593506097793579,0.4216369444380352,0.5583840573292446,-0.5097565193273236,0.5005774891151019,0.3680422306060791,-0.02707892656326294,-0.05263388156890869,0.05263388156890869,-0.3680422306060791,-0.02707892656326294
1782457860385802745,239,1782457860385802745,steamvr_world,1.4320766925811768,0.7115538716316223,0.5593506097793579,0.4216369444380352,0.5583840573292446,-0.5097565193273236,0.5005774891151019,0.3680422306060791,-0.02707892656326294,-0.05263388156890869,0.05263388156890869,-0.3680422306060791,-0.02707892656326294
1782457860419135093,240,1782457860419135093,steamvr_world,1.4320766925811768,0.7115538716316223,0.5593506097793579,0.4216369444380352,0.5583840573292446,-0.5097565193273236,0.5005774891151019,0.3680422306060791,-0.02707892656326294,-0.05263388156890869,0.05263388156890869,-0.3680422306060791,-0.02707892656326294
1782457860452467441,241,1782457860452467441,steamvr_world,1.442882776260376,0.7111339569091797,0.5583616495132446,0.4246245317874037,0.5612434196382184,-0.5040016607908402,0.5006816921330375,0.3788483142852783,-0.027498841285705566,-0.05362284183502197,0.05362284183502197,-0.3788483142852783,-0.027498841285705566
1782457860485801696,242,1782457860485801696,steamvr_world,1.442882776260376,0.7111339569091797,0.5583616495132446,0.4246245317874037,0.5612434196382184,-0.5040016607908402,0.5006816921330375,0.3788483142852783,-0.027498841285705566,-0.05362284183502197,0.05362284183502197,-0.3788483142852783,-0.027498841285705566
1782457860519135713,243,1782457860519135713,steamvr_world,1.442882776260376,0.7111339569091797,0.5583616495132446,0.4246245317874037,0.5612434196382184,-0.5040016607908402,0.5006816921330375,0.3788483142852783,-0.027498841285705566,-0.05362284183502197,0.05362284183502197,-0.3788483142852783,-0.027498841285705566
1782457860552470207,244,1782457860552470207,steamvr_world,1.4535506963729858,0.7120339274406433,0.5595552921295166,0.43007378217801595,0.5614302680056568,-0.49737745483438967,0.5024422986499619,0.3895162343978882,-0.026598870754241943,-0.05242919921875,0.05242919921875,-0.3895162343978882,-0.026598870754241943
1782457860585806131,245,1782457860585806131,steamvr_world,1.4535506963729858,0.7120339274406433,0.5595552921295166,0.43007378217801595,0.5614302680056568,-0.49737745483438967,0.5024422986499619,0.3895162343978882,-0.026598870754241943,-0.05242919921875,0.05242919921875,-0.3895162343978882,-0.026598870754241943
1782457860619137525,246,1782457860619137525,steamvr_world,1.4535506963729858,0.7120339274406433,0.5595552921295166,0.43007378217801595,0.5614302680056568,-0.49737745483438967,0.5024422986499619,0.3895162343978882,-0.026598870754241943,-0.05242919921875,0.05242919921875,-0.3895162343978882,-0.026598870754241943
1782457860652462959,247,1782457860652462959,steamvr_world,1.4627370834350586,0.7109901309013367,0.561225175857544,0.43442804269466606,0.5591611626379778,-0.49459654904854283,0.5039695661318239,0.39870262145996094,-0.027642667293548584,-0.050759315490722656,0.050759315490722656,-0.39870262145996094,-0.027642667293548584
1782457860685805082,248,1782457860685805082,steamvr_world,1.4627370834350586,0.7109901309013367,0.561225175857544,0.43442804269466606,0.5591611626379778,-0.49459654904854283,0.5039695661318239,0.39870262145996094,-0.027642667293548584,-0.050759315490722656,0.050759315490722656,-0.39870262145996094,-0.027642667293548584
1782457860719136238,249,1782457860719136238,steamvr_world,1.4627370834350586,0.7109901309013367,0.561225175857544,0.43442804269466606,0.5591611626379778,-0.49459654904854283,0.5039695661318239,0.39870262145996094,-0.027642667293548584,-0.050759315490722656,0.050759315490722656,-0.39870262145996094,-0.027642667293548584
1782457860752474069,250,1782457860752474069,steamvr_world,1.4704488515853882,0.7083421349525452,0.5616213083267212,0.4387690373171612,0.5569207157244123,-0.494183638214834,0.5030940071294132,0.4064143896102905,-0.030290663242340088,-0.05036318302154541,0.05036318302154541,-0.4064143896102905,-0.030290663242340088
1782457860785806179,251,1782457860785806179,steamvr_world,1.4704488515853882,0.7083421349525452,0.5616213083267212,0.4387690373171612,0.5569207157244123,-0.494183638214834,0.5030940071294132,0.4064143896102905,-0.030290663242340088,-0.05036318302154541,0.05036318302154541,-0.4064143896102905,-0.030290663242340088
1782457860819135189,252,1782457860819135189,steamvr_world,1.4704488515853882,0.7083421349525452,0.5616213083267212,0.4387690373171612,0.5569207157244123,-0.494183638214834,0.5030940071294132,0.4064143896102905,-0.030290663242340088,-0.05036318302154541,0.05036318302154541,-0.4064143896102905,-0.030290663242340088
1782457860852459192,253,1782457860852459192,steamvr_world,1.4768153429031372,0.7070856094360352,0.5615583658218384,0.4369704910816521,0.5567231896870746,-0.4934674175780125,0.5055749081762235,0.41278088092803955,-0.0315471887588501,-0.05042612552642822,0.05042612552642822,-0.41278088092803955,-0.0315471887588501
1782457860885803461,254,1782457860885803461,steamvr_world,1.4768153429031372,0.7070856094360352,0.5615583658218384,0.4369704910816521,0.5567231896870746,-0.4934674175780125,0.5055749081762235,0.41278088092803955,-0.0315471887588501,-0.05042612552642822,0.05042612552642822,-0.41278088092803955,-0.0315471887588501
1782457860919135570,255,1782457860919135570,steamvr_world,1.4768153429031372,0.7070856094360352,0.5615583658218384,0.4369704910816521,0.5567231896870746,-0.4934674175780125,0.5055749081762235,0.41278088092803955,-0.0315471887588501,-0.05042612552642822,0.05042612552642822,-0.41278088092803955,-0.0315471887588501
1782457860952473402,256,1782457860952473402,steamvr_world,1.4768153429031372,0.7070856094360352,0.5615583658218384,0.4369704910816521,0.5567231896870746,-0.4934674175780125,0.5055749081762235,0.41278088092803955,-0.0315471887588501,-0.05042612552642822,0.05042612552642822,-0.41278088092803955,-0.0315471887588501
1782457860985831975,257,1782457860985831975,steamvr_world,1.4829914569854736,0.7070635557174683,0.5600094795227051,0.43443919578691176,0.5552978253264927,-0.49512678196506155,0.5076971342568439,0.418956995010376,-0.03156924247741699,-0.05197501182556152,0.05197501182556152,-0.418956995010376,-0.03156924247741699
1782457861019161462,258,1782457861019161462,steamvr_world,1.4829914569854736,0.7070635557174683,0.5600094795227051,0.43443919578691176,0.5552978253264927,-0.49512678196506155,0.5076971342568439,0.418956995010376,-0.03156924247741699,-0.05197501182556152,0.05197501182556152,-0.418956995010376,-0.03156924247741699
1782457861052493572,259,1782457861052493572,steamvr_world,1.4829914569854736,0.7070635557174683,0.5600094795227051,0.43443919578691176,0.5552978253264927,-0.49512678196506155,0.5076971342568439,0.418956995010376,-0.03156924247741699,-0.05197501182556152,0.05197501182556152,-0.418956995010376,-0.03156924247741699
1782457861085831642,260,1782457861085831642,steamvr_world,1.4848265647888184,0.7081510424613953,0.5590120553970337,0.43245553199607206,0.5536783106770196,-0.49677240641981196,0.5095485426843113,0.4207921028137207,-0.03048175573348999,-0.05297243595123291,0.05297243595123291,-0.4207921028137207,-0.03048175573348999
1782457861119158506,261,1782457861119158506,steamvr_world,1.4848265647888184,0.7081510424613953,0.5590120553970337,0.43245553199607206,0.5536783106770196,-0.49677240641981196,0.5095485426843113,0.4207921028137207,-0.03048175573348999,-0.05297243595123291,0.05297243595123291,-0.4207921028137207,-0.03048175573348999
1782457861152489662,262,1782457861152489662,steamvr_world,1.4848265647888184,0.7081510424613953,0.5590120553970337,0.43245553199607206,0.5536783106770196,-0.49677240641981196,0.5095485426843113,0.4207921028137207,-0.03048175573348999,-0.05297243595123291,0.05297243595123291,-0.4207921028137207,-0.03048175573348999
1782457861185831308,263,1782457861185831308,steamvr_world,1.4854156970977783,0.7084875106811523,0.5586220026016235,0.43165687243258555,0.5517892898302356,-0.4990101249321511,0.5100880505614317,0.42138123512268066,-0.03014528751373291,-0.053362488746643066,0.053362488746643066,-0.42138123512268066,-0.03014528751373291
1782457861219161748,264,1782457861219161748,steamvr_world,1.4854156970977783,0.7084875106811523,0.5586220026016235,0.43165687243258555,0.5517892898302356,-0.4990101249321511,0.5100880505614317,0.42138123512268066,-0.03014528751373291,-0.053362488746643066,0.053362488746643066,-0.42138123512268066,-0.03014528751373291
1782457861252495765,265,1782457861252495765,steamvr_world,1.4854156970977783,0.7084875106811523,0.5586220026016235,0.43165687243258555,0.5517892898302356,-0.4990101249321511,0.5100880505614317,0.42138123512268066,-0.03014528751373291,-0.053362488746643066,0.053362488746643066,-0.42138123512268066,-0.03014528751373291
1782457861285837650,266,1782457861285837650,steamvr_world,1.4852439165115356,0.7084794640541077,0.5585206747055054,0.4303534362024284,0.5518261355956366,-0.49958901482576135,0.5105826596034904,0.421209454536438,-0.030153334140777588,-0.05346381664276123,0.05346381664276123,-0.421209454536438,-0.030153334140777588
1782457861319165945,267,1782457861319165945,steamvr_world,1.4852439165115356,0.7084794640541077,0.5585206747055054,0.4303534362024284,0.5518261355956366,-0.49958901482576135,0.5105826596034904,0.421209454536438,-0.030153334140777588,-0.05346381664276123,0.05346381664276123,-0.421209454536438,-0.030153334140777588
1782457861352497100,268,1782457861352497100,steamvr_world,1.4852439165115356,0.7084794640541077,0.5585206747055054,0.4303534362024284,0.5518261355956366,-0.49958901482576135,0.5105826596034904,0.421209454536438,-0.030153334140777588,-0.05346381664276123,0.05346381664276123,-0.421209454536438,-0.030153334140777588
1782457861385831356,269,1782457861385831356,steamvr_world,1.4840643405914307,0.7090147733688354,0.5586218237876892,0.43016209043398185,0.5526825277646382,-0.49885779256062684,0.5105325672850807,0.420029878616333,-0.029618024826049805,-0.05336266756057739,0.05336266756057739,-0.420029878616333,-0.029618024826049805
1782457861419162511,270,1782457861419162511,steamvr_world,1.4840643405914307,0.7090147733688354,0.5586218237876892,0.43016209043398185,0.5526825277646382,-0.49885779256062684,0.5105325672850807,0.420029878616333,-0.029618024826049805,-0.05336266756057739,0.05336266756057739,-0.420029878616333,-0.029618024826049805
1782457861452506303,271,1782457861452506303,steamvr_world,1.4840643405914307,0.7090147733688354,0.5586218237876892,0.43016209043398185,0.5526825277646382,-0.49885779256062684,0.5105325672850807,0.420029878616333,-0.029618024826049805,-0.05336266756057739,0.05336266756057739,-0.420029878616333,-0.029618024826049805
1782457861485847473,272,1782457861485847473,steamvr_world,1.481711745262146,0.7099127173423767,0.5594556331634521,0.4299886521105259,0.5537224063891387,-0.49817579224193964,0.5102177336617282,0.41767728328704834,-0.028720080852508545,-0.05252885818481445,0.05252885818481445,-0.41767728328704834,-0.028720080852508545
1782457861519147634,273,1782457861519147634,steamvr_world,1.481711745262146,0.7099127173423767,0.5594556331634521,0.4299886521105259,0.5537224063891387,-0.49817579224193964,0.5102177336617282,0.41767728328704834,-0.028720080852508545,-0.05252885818481445,0.05252885818481445,-0.41767728328704834,-0.028720080852508545
1782457861552494764,274,1782457861552494764,steamvr_world,1.481711745262146,0.7099127173423767,0.5594556331634521,0.4299886521105259,0.5537224063891387,-0.49817579224193964,0.5102177336617282,0.41767728328704834,-0.028720080852508545,-0.05252885818481445,0.05252885818481445,-0.41767728328704834,-0.028720080852508545
1782457861585831642,275,1782457861585831642,steamvr_world,1.478254795074463,0.7116488814353943,0.5603299736976624,0.42914482223791817,0.5552529966332362,-0.4964548240647527,0.5109417177516751,0.41422033309936523,-0.026983916759490967,-0.05165451765060425,0.05165451765060425,-0.41422033309936523,-0.026983916759490967
1782457861619153738,276,1782457861619153738,steamvr_world,1.478254795074463,0.7116488814353943,0.5603299736976624,0.42914482223791817,0.5552529966332362,-0.4964548240647527,0.5109417177516751,0.41422033309936523,-0.026983916759490967,-0.05165451765060425,0.05165451765060425,-0.41422033309936523,-0.026983916759490967
1782457861652503490,277,1782457861652503490,steamvr_world,1.478254795074463,0.7116488814353943,0.5603299736976624,0.42914482223791817,0.5552529966332362,-0.4964548240647527,0.5109417177516751,0.41422033309936523,-0.026983916759490967,-0.05165451765060425,0.05165451765060425,-0.41422033309936523,-0.026983916759490967
1782457861685825824,278,1782457861685825824,steamvr_world,1.4756213426589966,0.7128645777702332,0.5611168146133423,0.4296711854241538,0.5553605423225613,-0.4956096097259622,0.5112029491255626,0.4115868806838989,-0.0257682204246521,-0.050867676734924316,0.050867676734924316,-0.4115868806838989,-0.0257682204246521
1782457861719165325,279,1782457861719165325,steamvr_world,1.472321629524231,0.7141256332397461,0.5618951320648193,0.42957211221187225,0.5555475369748274,-0.4943195612365351,0.5123308559416979,0.4082871675491333,-0.02450716495513916,-0.050089359283447266,0.050089359283447266,-0.4082871675491333,-0.02450716495513916
1782457861752483844,280,1782457861752483844,steamvr_world,1.472321629524231,0.7141256332397461,0.5618951320648193,0.42957211221187225,0.5555475369748274,-0.4943195612365351,0.5123308559416979,0.4082871675491333,-0.02450716495513916,-0.050089359283447266,0.050089359283447266,-0.4082871675491333,-0.02450716495513916
1782457861785850048,281,1782457861785850048,steamvr_world,1.4686553478240967,0.715703010559082,0.5624549388885498,0.43022149453749436,0.5547027356155512,-0.4928733346970669,0.5140916423004189,0.404620885848999,-0.022929787635803223,-0.0495295524597168,0.0495295524597168,-0.404620885848999,-0.022929787635803223
1782457861819164752,282,1782457861819164752,steamvr_world,1.464414119720459,0.7178217172622681,0.5630682706832886,0.43165702344060436,0.5549099868330568,-0.4918416698054117,0.5136525016685489,0.40037965774536133,-0.020811080932617188,-0.04891622066497803,0.04891622066497803,-0.40037965774536133,-0.020811080932617188
1782457861852504253,283,1782457861852504253,steamvr_world,1.464414119720459,0.7178217172622681,0.5630682706832886,0.43165702344060436,0.5549099868330568,-0.4918416698054117,0.5136525016685489,0.40037965774536133,-0.020811080932617188,-0.04891622066497803,0.04891622066497803,-0.40037965774536133,-0.020811080932617188
1782457861885827064,284,1782457861885827064,steamvr_world,1.4598538875579834,0.7198745608329773,0.5635532140731812,0.4327504303181327,0.556413050503102,-0.49120719612856467,0.5117099498356636,0.39581942558288574,-0.01875823736190796,-0.04843127727508545,0.04843127727508545,-0.39581942558288574,-0.01875823736190796
1782457861919161081,285,1782457861919161081,steamvr_world,1.454817533493042,0.7219967842102051,0.5637377500534058,0.4321985477087366,0.5579377096933104,-0.49186516588268925,0.5098809528231438,0.39078307151794434,-0.016636013984680176,-0.04824674129486084,0.04824674129486084,-0.39078307151794434,-0.016636013984680176
1782457861952482461,286,1782457861952482461,steamvr_world,1.454817533493042,0.7219967842102051,0.5637377500534058,0.4321985477087366,0.5579377096933104,-0.49186516588268925,0.5098809528231438,0.39078307151794434,-0.016636013984680176,-0.04824674129486084,0.04824674129486084,-0.39078307151794434,-0.016636013984680176
1782457861985807180,287,1782457861985807180,steamvr_world,1.4492616653442383,0.7247902750968933,0.5640718936920166,0.43154605929403106,0.5583954825804545,-0.4926843343199078,0.5091410712732606,0.3852272033691406,-0.013842523097991943,-0.04791259765625,0.04791259765625,-0.3852272033691406,-0.013842523097991943
1782457862019177436,288,1782457862019177436,steamvr_world,1.4492616653442383,0.7247902750968933,0.5640718936920166,0.43154605929403106,0.5583954825804545,-0.4926843343199078,0.5091410712732606,0.3852272033691406,-0.013842523097991943,-0.04791259765625,0.04791259765625,-0.3852272033691406,-0.013842523097991943
1782457862052515983,289,1782457862052515983,steamvr_world,1.4492616653442383,0.7247902750968933,0.5640718936920166,0.43154605929403106,0.5583954825804545,-0.4926843343199078,0.5091410712732606,0.3852272033691406,-0.013842523097991943,-0.04791259765625,0.04791259765625,-0.3852272033691406,-0.013842523097991943
1782457862085840702,290,1782457862085840702,steamvr_world,1.4492616653442383,0.7247902750968933,0.5640718936920166,0.43154605929403106,0.5583954825804545,-0.4926843343199078,0.5091410712732606,0.3852272033691406,-0.013842523097991943,-0.04791259765625,0.04791259765625,-0.3852272033691406,-0.013842523097991943
1782457862119161844,291,1782457862119161844,steamvr_world,1.4492616653442383,0.7247902750968933,0.5640718936920166,0.43154605929403106,0.5583954825804545,-0.4926843343199078,0.5091410712732606,0.3852272033691406,-0.013842523097991943,-0.04791259765625,0.04791259765625,-0.3852272033691406,-0.013842523097991943
1782457862152491331,292,1782457862152491331,steamvr_world,1.4492616653442383,0.7247902750968933,0.5640718936920166,0.43154605929403106,0.5583954825804545,-0.4926843343199078,0.5091410712732606,0.3852272033691406,-0.013842523097991943,-0.04791259765625,0.04791259765625,-0.3852272033691406,-0.013842523097991943
1782457862185828685,293,1782457862185828685,steamvr_world,1.4245351552963257,0.7366361618041992,0.5694747567176819,0.4335650264278727,0.5600950502098332,-0.49426214424571285,0.5040038049009875,0.360500693321228,-0.001996636390686035,-0.04250973463058472,0.04250973463058472,-0.360500693321228,-0.001996636390686035
1782457862219162702,294,1782457862219162702,steamvr_world,1.4245351552963257,0.7366361618041992,0.5694747567176819,0.4335650264278727,0.5600950502098332,-0.49426214424571285,0.5040038049009875,0.360500693321228,-0.001996636390686035,-0.04250973463058472,0.04250973463058472,-0.360500693321228,-0.001996636390686035
1782457862252487421,295,1782457862252487421,steamvr_world,1.4245351552963257,0.7366361618041992,0.5694747567176819,0.4335650264278727,0.5600950502098332,-0.49426214424571285,0.5040038049009875,0.360500693321228,-0.001996636390686035,-0.04250973463058472,0.04250973463058472,-0.360500693321228,-0.001996636390686035
1782457862285820245,296,1782457862285820245,steamvr_world,1.4245351552963257,0.7366361618041992,0.5694747567176819,0.4335650264278727,0.5600950502098332,-0.49426214424571285,0.5040038049009875,0.360500693321228,-0.001996636390686035,-0.04250973463058472,0.04250973463058472,-0.360500693321228,-0.001996636390686035
1782457862319159269,297,1782457862319159269,steamvr_world,1.4034020900726318,0.7434365153312683,0.5750948786735535,0.42904738579511287,0.5640020909871023,-0.4956874944049973,0.5021094402568544,0.3393676280975342,0.004803717136383057,-0.036889612674713135,0.036889612674713135,-0.3393676280975342,0.004803717136383057
1782457862352493524,298,1782457862352493524,steamvr_world,1.4034020900726318,0.7434365153312683,0.5750948786735535,0.42904738579511287,0.5640020909871023,-0.4956874944049973,0.5021094402568544,0.3393676280975342,0.004803717136383057,-0.036889612674713135,0.036889612674713135,-0.3393676280975342,0.004803717136383057
1782457862385826587,299,1782457862385826587,steamvr_world,1.4034020900726318,0.7434365153312683,0.5750948786735535,0.42904738579511287,0.5640020909871023,-0.4956874944049973,0.5021094402568544,0.3393676280975342,0.004803717136383057,-0.036889612674713135,0.036889612674713135,-0.3393676280975342,0.004803717136383057
1782457862419154644,300,1782457862419154644,steamvr_world,1.4034020900726318,0.7434365153312683,0.5750948786735535,0.42904738579511287,0.5640020909871023,-0.4956874944049973,0.5021094402568544,0.3393676280975342,0.004803717136383057,-0.036889612674713135,0.036889612674713135,-0.3393676280975342,0.004803717136383057
1782457862452477455,301,1782457862452477455,steamvr_world,1.4034020900726318,0.7434365153312683,0.5750948786735535,0.42904738579511287,0.5640020909871023,-0.4956874944049973,0.5021094402568544,0.3393676280975342,0.004803717136383057,-0.036889612674713135,0.036889612674713135,-0.3393676280975342,0.004803717136383057
1782457862485814332,302,1782457862485814332,steamvr_world,1.4034020900726318,0.7434365153312683,0.5750948786735535,0.42904738579511287,0.5640020909871023,-0.4956874944049973,0.5021094402568544,0.3393676280975342,0.004803717136383057,-0.036889612674713135,0.036889612674713135,-0.3393676280975342,0.004803717136383057
1782457862519148826,303,1782457862519148826,steamvr_world,1.37442946434021,0.7469533681869507,0.580096960067749,0.42479647291892275,0.5720690072104831,-0.49013361573335196,0.5020498444507336,0.3103950023651123,0.00832056999206543,-0.03188753128051758,0.03188753128051758,-0.3103950023651123,0.00832056999206543
1782457862552489042,304,1782457862552489042,steamvr_world,1.37442946434021,0.7469533681869507,0.580096960067749,0.42479647291892275,0.5720690072104831,-0.49013361573335196,0.5020498444507336,0.3103950023651123,0.00832056999206543,-0.03188753128051758,0.03188753128051758,-0.3103950023651123,0.00832056999206543
1782457862585819959,305,1782457862585819959,steamvr_world,1.37442946434021,0.7469533681869507,0.580096960067749,0.42479647291892275,0.5720690072104831,-0.49013361573335196,0.5020498444507336,0.3103950023651123,0.00832056999206543,-0.03188753128051758,0.03188753128051758,-0.3103950023651123,0.00832056999206543
1782457862619155406,306,1782457862619155406,steamvr_world,1.36738920211792,0.7470933198928833,0.5812227725982666,0.42395397204333196,0.5730013719207776,-0.4898179673425077,0.502006789031824,0.30335474014282227,0.008460521697998047,-0.03076171875,0.03076171875,-0.30335474014282227,0.008460521697998047
1782457862652481794,307,1782457862652481794,steamvr_world,1.36738920211792,0.7470933198928833,0.5812227725982666,0.42395397204333196,0.5730013719207776,-0.4898179673425077,0.502006789031824,0.30335474014282227,0.008460521697998047,-0.03076171875,0.03076171875,-0.30335474014282227,0.008460521697998047
1782457862685806989,308,1782457862685806989,steamvr_world,1.36738920211792,0.7470933198928833,0.5812227725982666,0.42395397204333196,0.5730013719207776,-0.4898179673425077,0.502006789031824,0.30335474014282227,0.008460521697998047,-0.03076171875,0.03076171875,-0.30335474014282227,0.008460521697998047
1782457862719150781,309,1782457862719150781,steamvr_world,1.36738920211792,0.7470933198928833,0.5812227725982666,0.42395397204333196,0.5730013719207776,-0.4898179673425077,0.502006789031824,0.30335474014282227,0.008460521697998047,-0.03076171875,0.03076171875,-0.30335474014282227,0.008460521697998047
1782457862752472400,310,1782457862752472400,steamvr_world,1.36738920211792,0.7470933198928833,0.5812227725982666,0.42395397204333196,0.5730013719207776,-0.4898179673425077,0.502006789031824,0.30335474014282227,0.008460521697998047,-0.03076171875,0.03076171875,-0.30335474014282227,0.008460521697998047
1782457862785814046,311,1782457862785814046,steamvr_world,1.36738920211792,0.7470933198928833,0.5812227725982666,0.42395397204333196,0.5730013719207776,-0.4898179673425077,0.502006789031824,0.30335474014282227,0.008460521697998047,-0.03076171875,0.03076171875,-0.30335474014282227,0.008460521697998047
1782457862819157361,312,1782457862819157361,steamvr_world,1.3390320539474487,0.7481474876403809,0.5851128101348877,0.4221660975070269,0.5725397831564688,-0.49678204877777093,0.4971735902388537,0.2749975919723511,0.009514689445495605,-0.026871681213378906,0.026871681213378906,-0.2749975919723511,0.009514689445495605
1782457862852483987,313,1782457862852483987,steamvr_world,1.3390320539474487,0.7481474876403809,0.5851128101348877,0.4221660975070269,0.5725397831564688,-0.49678204877777093,0.4971735902388537,0.2749975919723511,0.009514689445495605,-0.026871681213378906,0.026871681213378906,-0.2749975919723511,0.009514689445495605
1782457862885829448,314,1782457862885829448,steamvr_world,1.3390320539474487,0.7481474876403809,0.5851128101348877,0.4221660975070269,0.5725397831564688,-0.49678204877777093,0.4971735902388537,0.2749975919723511,0.009514689445495605,-0.026871681213378906,0.026871681213378906,-0.2749975919723511,0.009514689445495605
1782457862919154882,315,1782457862919154882,steamvr_world,1.3323506116867065,0.7487441897392273,0.5859284400939941,0.42242719426185393,0.573336453383277,-0.4962741635538334,0.49654056365908955,0.2683161497116089,0.010111391544342041,-0.02605605125427246,0.02605605125427246,-0.2683161497116089,0.010111391544342041
1782457862952493429,316,1782457862952493429,steamvr_world,1.3323506116867065,0.7487441897392273,0.5859284400939941,0.42242719426185393,0.573336453383277,-0.4962741635538334,0.49654056365908955,0.2683161497116089,0.010111391544342041,-0.02605605125427246,0.02605605125427246,-0.2683161497116089,0.010111391544342041
1782457862985823392,317,1782457862985823392,steamvr_world,1.3323506116867065,0.7487441897392273,0.5859284400939941,0.42242719426185393,0.573336453383277,-0.4962741635538334,0.49654056365908955,0.2683161497116089,0.010111391544342041,-0.02605605125427246,0.02605605125427246,-0.2683161497116089,0.010111391544342041
1782457863019160985,318,1782457863019160985,steamvr_world,1.3073264360427856,0.7483095526695251,0.5884376764297485,0.42245716219044643,0.5732364497786352,-0.4957612768363763,0.4971425098990703,0.243291974067688,0.009676754474639893,-0.023546814918518066,0.023546814918518066,-0.243291974067688,0.009676754474639893
1782457863052486419,319,1782457863052486419,steamvr_world,1.3073264360427856,0.7483095526695251,0.5884376764297485,0.42245716219044643,0.5732364497786352,-0.4957612768363763,0.4971425098990703,0.243291974067688,0.009676754474639893,-0.023546814918518066,0.023546814918518066,-0.243291974067688,0.009676754474639893
1782457863085824251,320,1782457863085824251,steamvr_world,1.3073264360427856,0.7483095526695251,0.5884376764297485,0.42245716219044643,0.5732364497786352,-0.4957612768363763,0.4971425098990703,0.243291974067688,0.009676754474639893,-0.023546814918518066,0.023546814918518066,-0.243291974067688,0.009676754474639893
1782457863119160652,321,1782457863119160652,steamvr_world,1.2961195707321167,0.7468894720077515,0.5894626379013062,0.42098971055343043,0.5702593929744469,-0.4969286476760232,0.5006334062479582,0.23208510875701904,0.008256673812866211,-0.02252185344696045,0.02252185344696045,-0.23208510875701904,0.008256673812866211
1782457863152486801,322,1782457863152486801,steamvr_world,1.2961195707321167,0.7468894720077515,0.5894626379013062,0.42098971055343043,0.5702593929744469,-0.4969286476760232,0.5006334062479582,0.23208510875701904,0.008256673812866211,-0.02252185344696045,0.02252185344696045,-0.23208510875701904,0.008256673812866211
1782457863185822486,323,1782457863185822486,steamvr_world,1.2961195707321167,0.7468894720077515,0.5894626379013062,0.42098971055343043,0.5702593929744469,-0.4969286476760232,0.5006334062479582,0.23208510875701904,0.008256673812866211,-0.02252185344696045,0.02252185344696045,-0.23208510875701904,0.008256673812866211
1782457863219156265,324,1782457863219156265,steamvr_world,1.2908143997192383,0.7459955811500549,0.5900068283081055,0.42159464899976734,0.5684688696905656,-0.4982164169344259,0.5008807223526535,0.22677993774414062,0.007362782955169678,-0.021977663040161133,0.021977663040161133,-0.22677993774414062,0.007362782955169678
1782457863252477169,325,1782457863252477169,steamvr_world,1.2908143997192383,0.7459955811500549,0.5900068283081055,0.42159464899976734,0.5684688696905656,-0.4982164169344259,0.5008807223526535,0.22677993774414062,0.007362782955169678,-0.021977663040161133,0.021977663040161133,-0.22677993774414062,0.007362782955169678
1782457863285817146,326,1782457863285817146,steamvr_world,1.2908143997192383,0.7459955811500549,0.5900068283081055,0.42159464899976734,0.5684688696905656,-0.4982164169344259,0.5008807223526535,0.22677993774414062,0.007362782955169678,-0.021977663040161133,0.021977663040161133,-0.22677993774414062,0.007362782955169678
1782457863319165468,327,1782457863319165468,steamvr_world,1.2733045816421509,0.7435448169708252,0.592008650302887,0.4215711755147409,0.5671668419926302,-0.5032893382917311,0.4972920261587733,0.20927011966705322,0.004912018775939941,-0.01997584104537964,0.01997584104537964,-0.20927011966705322,0.004912018775939941
1782457863352488756,328,1782457863352488756,steamvr_world,1.2733045816421509,0.7435448169708252,0.592008650302887,0.4215711755147409,0.5671668419926302,-0.5032893382917311,0.4972920261587733,0.20927011966705322,0.004912018775939941,-0.01997584104537964,0.01997584104537964,-0.20927011966705322,0.004912018775939941
1782457863385823726,329,1782457863385823726,steamvr_world,1.2733045816421509,0.7435448169708252,0.592008650302887,0.4215711755147409,0.5671668419926302,-0.5032893382917311,0.4972920261587733,0.20927011966705322,0.004912018775939941,-0.01997584104537964,0.01997584104537964,-0.20927011966705322,0.004912018775939941
1782457863419149875,330,1782457863419149875,steamvr_world,1.2733045816421509,0.7435448169708252,0.592008650302887,0.4215711755147409,0.5671668419926302,-0.5032893382917311,0.4972920261587733,0.20927011966705322,0.004912018775939941,-0.01997584104537964,0.01997584104537964,-0.20927011966705322,0.004912018775939941
1782457863452481508,331,1782457863452481508,steamvr_world,1.2609020471572876,0.7433451414108276,0.5935899019241333,0.41653895899825094,0.5689520021636282,-0.5080432731499493,0.4946523501184828,0.19686758518218994,0.004712343215942383,-0.0183945894241333,0.0183945894241333,-0.19686758518218994,0.004712343215942383
1782457863485811471,332,1782457863485811471,steamvr_world,1.2609020471572876,0.7433451414108276,0.5935899019241333,0.41653895899825094,0.5689520021636282,-0.5080432731499493,0.4946523501184828,0.19686758518218994,0.004712343215942383,-0.0183945894241333,0.0183945894241333,-0.19686758518218994,0.004712343215942383
1782457863519146442,333,1782457863519146442,steamvr_world,1.2609020471572876,0.7433451414108276,0.5935899019241333,0.41653895899825094,0.5689520021636282,-0.5080432731499493,0.4946523501184828,0.19686758518218994,0.004712343215942383,-0.0183945894241333,0.0183945894241333,-0.19686758518218994,0.004712343215942383
1782457863552477598,334,1782457863552477598,steamvr_world,1.2609020471572876,0.7433451414108276,0.5935899019241333,0.41653895899825094,0.5689520021636282,-0.5080432731499493,0.4946523501184828,0.19686758518218994,0.004712343215942383,-0.0183945894241333,0.0183945894241333,-0.19686758518218994,0.004712343215942383
1782457863585818767,335,1782457863585818767,steamvr_world,1.2609020471572876,0.7433451414108276,0.5935899019241333,0.41653895899825094,0.5689520021636282,-0.5080432731499493,0.4946523501184828,0.19686758518218994,0.004712343215942383,-0.0183945894241333,0.0183945894241333,-0.19686758518218994,0.004712343215942383
1782457863619148492,336,1782457863619148492,steamvr_world,1.2408502101898193,0.7452315092086792,0.5947668552398682,0.4129436755186012,0.5748282904310038,-0.5110676110654233,0.4877087802051944,0.17681574821472168,0.006598711013793945,-0.017217636108398438,0.017217636108398438,-0.17681574821472168,0.006598711013793945
1782457863652467966,337,1782457863652467966,steamvr_world,1.2408502101898193,0.7452315092086792,0.5947668552398682,0.4129436755186012,0.5748282904310038,-0.5110676110654233,0.4877087802051944,0.17681574821472168,0.006598711013793945,-0.017217636108398438,0.017217636108398438,-0.17681574821472168,0.006598711013793945
1782457863685802936,338,1782457863685802936,steamvr_world,1.2408502101898193,0.7452315092086792,0.5947668552398682,0.4129436755186012,0.5748282904310038,-0.5110676110654233,0.4877087802051944,0.17681574821472168,0.006598711013793945,-0.017217636108398438,0.017217636108398438,-0.17681574821472168,0.006598711013793945
1782457863719145059,339,1782457863719145059,steamvr_world,1.2408502101898193,0.7452315092086792,0.5947668552398682,0.4129436755186012,0.5748282904310038,-0.5110676110654233,0.4877087802051944,0.17681574821472168,0.006598711013793945,-0.017217636108398438,0.017217636108398438,-0.17681574821472168,0.006598711013793945
1782457863752466201,340,1782457863752466201,steamvr_world,1.2408502101898193,0.7452315092086792,0.5947668552398682,0.4129436755186012,0.5748282904310038,-0.5110676110654233,0.4877087802051944,0.17681574821472168,0.006598711013793945,-0.017217636108398438,0.017217636108398438,-0.17681574821472168,0.006598711013793945
1782457863785804271,341,1782457863785804271,steamvr_world,1.2408502101898193,0.7452315092086792,0.5947668552398682,0.4129436755186012,0.5748282904310038,-0.5110676110654233,0.4877087802051944,0.17681574821472168,0.006598711013793945,-0.017217636108398438,0.017217636108398438,-0.17681574821472168,0.006598711013793945
1782457863819144010,342,1782457863819144010,steamvr_world,1.2408502101898193,0.7452315092086792,0.5947668552398682,0.4129436755186012,0.5748282904310038,-0.5110676110654233,0.4877087802051944,0.17681574821472168,0.006598711013793945,-0.017217636108398438,0.017217636108398438,-0.17681574821472168,0.006598711013793945
1782457863852506637,343,1782457863852506637,steamvr_world,1.2068583965301514,0.7388235330581665,0.5973140001296997,0.41978059058281947,0.5711165541284603,-0.5118014002624577,0.48545799412488866,0.1428239345550537,0.00019073486328125,-0.014670491218566895,0.014670491218566895,-0.1428239345550537,0.00019073486328125
1782457863885834455,344,1782457863885834455,steamvr_world,1.2068583965301514,0.7388235330581665,0.5973140001296997,0.41978059058281947,0.5711165541284603,-0.5118014002624577,0.48545799412488866,0.1428239345550537,0.00019073486328125,-0.014670491218566895,0.014670491218566895,-0.1428239345550537,0.00019073486328125
1782457863919152498,345,1782457863919152498,steamvr_world,1.2068583965301514,0.7388235330581665,0.5973140001296997,0.41978059058281947,0.5711165541284603,-0.5118014002624577,0.48545799412488866,0.1428239345550537,0.00019073486328125,-0.014670491218566895,0.014670491218566895,-0.1428239345550537,0.00019073486328125
1782457863952472209,346,1782457863952472209,steamvr_world,1.2007265090942383,0.7369003891944885,0.5988776683807373,0.42165222757436394,0.5698369202784926,-0.512074203781785,0.4850518457756352,0.13669204711914062,-0.0017324090003967285,-0.013106822967529297,0.013106822967529297,-0.13669204711914062,-0.0017324090003967285
1782457863985822439,347,1782457863985822439,steamvr_world,1.2007265090942383,0.7369003891944885,0.5988776683807373,0.42165222757436394,0.5698369202784926,-0.512074203781785,0.4850518457756352,0.13669204711914062,-0.0017324090003967285,-0.013106822967529297,0.013106822967529297,-0.13669204711914062,-0.0017324090003967285
1782457864019157648,348,1782457864019157648,steamvr_world,1.2007265090942383,0.7369003891944885,0.5988776683807373,0.42165222757436394,0.5698369202784926,-0.512074203781785,0.4850518457756352,0.13669204711914062,-0.0017324090003967285,-0.013106822967529297,0.013106822967529297,-0.13669204711914062,-0.0017324090003967285
1782457864052491188,349,1782457864052491188,steamvr_world,1.1823183298110962,0.7278620004653931,0.6056188344955444,0.4239133641297628,0.5676634772111642,-0.5144050018815962,0.48315952892591507,0.11828386783599854,-0.010770797729492188,-0.006365656852722168,0.006365656852722168,-0.11828386783599854,-0.010770797729492188
1782457864085826873,350,1782457864085826873,steamvr_world,1.1823183298110962,0.7278620004653931,0.6056188344955444,0.4239133641297628,0.5676634772111642,-0.5144050018815962,0.48315952892591507,0.11828386783599854,-0.010770797729492188,-0.006365656852722168,0.006365656852722168,-0.11828386783599854,-0.010770797729492188
1782457864119169950,351,1782457864119169950,steamvr_world,1.1823183298110962,0.7278620004653931,0.6056188344955444,0.4239133641297628,0.5676634772111642,-0.5144050018815962,0.48315952892591507,0.11828386783599854,-0.010770797729492188,-0.006365656852722168,0.006365656852722168,-0.11828386783599854,-0.010770797729492188
1782457864152524948,352,1782457864152524948,steamvr_world,1.1823183298110962,0.7278620004653931,0.6056188344955444,0.4239133641297628,0.5676634772111642,-0.5144050018815962,0.48315952892591507,0.11828386783599854,-0.010770797729492188,-0.006365656852722168,0.006365656852722168,-0.11828386783599854,-0.010770797729492188
1782457864185835599,353,1782457864185835599,steamvr_world,1.1823183298110962,0.7278620004653931,0.6056188344955444,0.4239133641297628,0.5676634772111642,-0.5144050018815962,0.48315952892591507,0.11828386783599854,-0.010770797729492188,-0.006365656852722168,0.006365656852722168,-0.11828386783599854,-0.010770797729492188
1782457864219171524,354,1782457864219171524,steamvr_world,1.1823183298110962,0.7278620004653931,0.6056188344955444,0.4239133641297628,0.5676634772111642,-0.5144050018815962,0.48315952892591507,0.11828386783599854,-0.010770797729492188,-0.006365656852722168,0.006365656852722168,-0.11828386783599854,-0.010770797729492188
1782457864252514600,355,1782457864252514600,steamvr_world,1.1662592887878418,0.7205727696418762,0.6117330193519592,0.4275033447227882,0.5665732738929405,-0.5114265559110669,0.4844362635786139,0.10222482681274414,-0.018060028553009033,-0.00025147199630737305,0.00025147199630737305,-0.10222482681274414,-0.018060028553009033
1782457864285859584,356,1782457864285859584,steamvr_world,1.1662592887878418,0.7205727696418762,0.6117330193519592,0.4275033447227882,0.5665732738929405,-0.5114265559110669,0.4844362635786139,0.10222482681274414,-0.018060028553009033,-0.00025147199630737305,0.00025147199630737305,-0.10222482681274414,-0.018060028553009033
1782457864319266319,357,1782457864319266319,steamvr_world,1.1662592887878418,0.7205727696418762,0.6117330193519592,0.4275033447227882,0.5665732738929405,-0.5114265559110669,0.4844362635786139,0.10222482681274414,-0.018060028553009033,-0.00025147199630737305,0.00025147199630737305,-0.10222482681274414,-0.018060028553009033
1782457864352528095,358,1782457864352528095,steamvr_world,1.1488336324691772,0.7138667702674866,0.6160264611244202,0.43029886208961043,0.5639789371390469,-0.5151253397278694,0.48105772223106896,0.08479917049407959,-0.02476602792739868,0.0040419697761535645,-0.0040419697761535645,-0.08479917049407959,-0.02476602792739868
1782457864385845899,359,1782457864385845899,steamvr_world,1.1488336324691772,0.7138667702674866,0.6160264611244202,0.43029886208961043,0.5639789371390469,-0.5151253397278694,0.48105772223106896,0.08479917049407959,-0.02476602792739868,0.0040419697761535645,-0.0040419697761535645,-0.08479917049407959,-0.02476602792739868
1782457864419183731,360,1782457864419183731,steamvr_world,1.1488336324691772,0.7138667702674866,0.6160264611244202,0.43029886208961043,0.5639789371390469,-0.5151253397278694,0.48105772223106896,0.08479917049407959,-0.02476602792739868,0.0040419697761535645,-0.0040419697761535645,-0.08479917049407959,-0.02476602792739868
1782457864452525615,361,1782457864452525615,steamvr_world,1.1362700462341309,0.710955023765564,0.619032621383667,0.43261802326924476,0.5599897931514647,-0.5188085714068615,0.4796777498942,0.0722355842590332,-0.02767777442932129,0.007048130035400391,-0.007048130035400391,-0.0722355842590332,-0.02767777442932129
1782457864485837936,362,1782457864485837936,steamvr_world,1.1362700462341309,0.710955023765564,0.619032621383667,0.43261802326924476,0.5599897931514647,-0.5188085714068615,0.4796777498942,0.0722355842590332,-0.02767777442932129,0.007048130035400391,-0.007048130035400391,-0.0722355842590332,-0.02767777442932129
1782457864519165039,363,1782457864519165039,steamvr_world,1.1362700462341309,0.710955023765564,0.619032621383667,0.43261802326924476,0.5599897931514647,-0.5188085714068615,0.4796777498942,0.0722355842590332,-0.02767777442932129,0.007048130035400391,-0.007048130035400391,-0.0722355842590332,-0.02767777442932129
1782457864552515268,364,1782457864552515268,steamvr_world,1.1232335567474365,0.7095644474029541,0.6226311922073364,0.4366778195023761,0.5556073190784736,-0.5233657615997479,0.47613156640386395,0.05919909477233887,-0.029068350791931152,0.010646700859069824,-0.010646700859069824,-0.05919909477233887,-0.029068350791931152
1782457864585857629,365,1782457864585857629,steamvr_world,1.1232335567474365,0.7095644474029541,0.6226311922073364,0.4366778195023761,0.5556073190784736,-0.5233657615997479,0.47613156640386395,0.05919909477233887,-0.029068350791931152,0.010646700859069824,-0.010646700859069824,-0.05919909477233887,-0.029068350791931152
1782457864619173526,366,1782457864619173526,steamvr_world,1.1232335567474365,0.7095644474029541,0.6226311922073364,0.4366778195023761,0.5556073190784736,-0.5233657615997479,0.47613156640386395,0.05919909477233887,-0.029068350791931152,0.010646700859069824,-0.010646700859069824,-0.05919909477233887,-0.029068350791931152
1782457864652524232,367,1782457864652524232,steamvr_world,1.1100304126739502,0.7068076133728027,0.6271231174468994,0.44045056301320024,0.5499307518673213,-0.5306259384666845,0.47118529594878916,0.04599595069885254,-0.03182518482208252,0.015138626098632812,-0.015138626098632812,-0.04599595069885254,-0.03182518482208252
1782457864685853719,368,1782457864685853719,steamvr_world,1.1100304126739502,0.7068076133728027,0.6271231174468994,0.44045056301320024,0.5499307518673213,-0.5306259384666845,0.47118529594878916,0.04599595069885254,-0.03182518482208252,0.015138626098632812,-0.015138626098632812,-0.04599595069885254,-0.03182518482208252
1782457864719180107,369,1782457864719180107,steamvr_world,1.1100304126739502,0.7068076133728027,0.6271231174468994,0.44045056301320024,0.5499307518673213,-0.5306259384666845,0.47118529594878916,0.04599595069885254,-0.03182518482208252,0.015138626098632812,-0.015138626098632812,-0.04599595069885254,-0.03182518482208252
1782457864752545356,370,1782457864752545356,steamvr_world,1.0953636169433594,0.7023600935935974,0.6312271356582642,0.44119258590884536,0.5468333655199086,-0.536681729840784,0.4672206045845366,0.03132915496826172,-0.03627270460128784,0.01924264430999756,-0.01924264430999756,-0.03132915496826172,-0.03627270460128784
1782457864785848617,371,1782457864785848617,steamvr_world,1.0953636169433594,0.7023600935935974,0.6312271356582642,0.44119258590884536,0.5468333655199086,-0.536681729840784,0.4672206045845366,0.03132915496826172,-0.03627270460128784,0.01924264430999756,-0.01924264430999756,-0.03132915496826172,-0.03627270460128784
1782457864819181680,372,1782457864819181680,steamvr_world,1.0953636169433594,0.7023600935935974,0.6312271356582642,0.44119258590884536,0.5468333655199086,-0.536681729840784,0.4672206045845366,0.03132915496826172,-0.03627270460128784,0.01924264430999756,-0.01924264430999756,-0.03132915496826172,-0.03627270460128784
1782457864852523326,373,1782457864852523326,steamvr_world,1.0812311172485352,0.6978209018707275,0.6345664858818054,0.4417377238219744,0.5465077332164449,-0.53750046859889,0.4661441055544712,0.0171966552734375,-0.040811896324157715,0.02258199453353882,-0.02258199453353882,-0.0171966552734375,-0.040811896324157715
1782457864885843992,374,1782457864885843992,steamvr_world,1.0812311172485352,0.6978209018707275,0.6345664858818054,0.4417377238219744,0.5465077332164449,-0.53750046859889,0.4661441055544712,0.0171966552734375,-0.040811896324157715,0.02258199453353882,-0.02258199453353882,-0.0171966552734375,-0.040811896324157715
1782457864919179439,375,1782457864919179439,steamvr_world,1.0812311172485352,0.6978209018707275,0.6345664858818054,0.4417377238219744,0.5465077332164449,-0.53750046859889,0.4661441055544712,0.0171966552734375,-0.040811896324157715,0.02258199453353882,-0.02258199453353882,-0.0171966552734375,-0.040811896324157715
1782457864952506303,376,1782457864952506303,steamvr_world,1.0677440166473389,0.6932811141014099,0.6373517513275146,0.44381346570626157,0.5448219764358067,-0.5381711371057843,0.46537130211976496,0.003709554672241211,-0.04535168409347534,0.025367259979248047,-0.025367259979248047,-0.003709554672241211,-0.04535168409347534
1782457864985825538,377,1782457864985825538,steamvr_world,1.0677440166473389,0.6932811141014099,0.6373517513275146,0.44381346570626157,0.5448219764358067,-0.5381711371057843,0.46537130211976496,0.003709554672241211,-0.04535168409347534,0.025367259979248047,-0.025367259979248047,-0.003709554672241211,-0.04535168409347534
1782457865019177436,378,1782457865019177436,steamvr_world,1.0677440166473389,0.6932811141014099,0.6373517513275146,0.44381346570626157,0.5448219764358067,-0.5381711371057843,0.46537130211976496,0.003709554672241211,-0.04535168409347534,0.025367259979248047,-0.025367259979248047,-0.003709554672241211,-0.04535168409347534
1782457865052506446,379,1782457865052506446,steamvr_world,1.0542831420898438,0.689716637134552,0.6408029794692993,0.446089650777278,0.5444486359892039,-0.5375858453480913,0.46430718831424467,-0.009751319885253906,-0.04891616106033325,0.028818488121032715,-0.028818488121032715,0.009751319885253906,-0.04891616106033325
1782457865085849761,380,1782457865085849761,steamvr_world,1.0542831420898438,0.689716637134552,0.6408029794692993,0.446089650777278,0.5444486359892039,-0.5375858453480913,0.46430718831424467,-0.009751319885253906,-0.04891616106033325,0.028818488121032715,-0.028818488121032715,0.009751319885253906,-0.04891616106033325
1782457865119183540,381,1782457865119183540,steamvr_world,1.0542831420898438,0.689716637134552,0.6408029794692993,0.446089650777278,0.5444486359892039,-0.5375858453480913,0.46430718831424467,-0.009751319885253906,-0.04891616106033325,0.028818488121032715,-0.028818488121032715,0.009751319885253906,-0.04891616106033325
1782457865152534246,382,1782457865152534246,steamvr_world,1.0542831420898438,0.689716637134552,0.6408029794692993,0.446089650777278,0.5444486359892039,-0.5375858453480913,0.46430718831424467,-0.009751319885253906,-0.04891616106033325,0.028818488121032715,-0.028818488121032715,0.009751319885253906,-0.04891616106033325
1782457865185849666,383,1782457865185849666,steamvr_world,1.0409352779388428,0.6878059506416321,0.6442162394523621,0.4467644008723065,0.5428659728665105,-0.5400143098033177,0.46269066429370787,-0.023099184036254883,-0.050826847553253174,0.03223174810409546,-0.03223174810409546,0.023099184036254883,-0.050826847553253174
1782457865219174385,384,1782457865219174385,steamvr_world,1.0409352779388428,0.6878059506416321,0.6442162394523621,0.4467644008723065,0.5428659728665105,-0.5400143098033177,0.46269066429370787,-0.023099184036254883,-0.050826847553253174,0.03223174810409546,-0.03223174810409546,0.023099184036254883,-0.050826847553253174
1782457865252510786,385,1782457865252510786,steamvr_world,1.0409352779388428,0.6878059506416321,0.6442162394523621,0.4467644008723065,0.5428659728665105,-0.5400143098033177,0.46269066429370787,-0.023099184036254883,-0.050826847553253174,0.03223174810409546,-0.03223174810409546,0.023099184036254883,-0.050826847553253174
1782457865285842895,386,1782457865285842895,steamvr_world,1.027697205543518,0.6871514320373535,0.6465559601783752,0.44764021735580906,0.5430806699341613,-0.5414338747195933,0.45992497328981236,-0.03633725643157959,-0.05148136615753174,0.03457146883010864,-0.03457146883010864,0.03633725643157959,-0.05148136615753174
1782457865319175958,387,1782457865319175958,steamvr_world,1.027697205543518,0.6871514320373535,0.6465559601783752,0.44764021735580906,0.5430806699341613,-0.5414338747195933,0.45992497328981236,-0.03633725643157959,-0.05148136615753174,0.03457146883010864,-0.03457146883010864,0.03633725643157959,-0.05148136615753174
1782457865352514982,388,1782457865352514982,steamvr_world,1.027697205543518,0.6871514320373535,0.6465559601783752,0.44764021735580906,0.5430806699341613,-0.5414338747195933,0.45992497328981236,-0.03633725643157959,-0.05148136615753174,0.03457146883010864,-0.03457146883010864,0.03633725643157959,-0.05148136615753174
1782457865385854959,389,1782457865385854959,steamvr_world,1.0157190561294556,0.6869850754737854,0.6475682258605957,0.4485583695678426,0.5457973220215269,-0.5402421422515272,0.4572079396732398,-0.04831540584564209,-0.051647722721099854,0.0355837345123291,-0.0355837345123291,0.04831540584564209,-0.051647722721099854
1782457865419179201,390,1782457865419179201,steamvr_world,1.0157190561294556,0.6869850754737854,0.6475682258605957,0.4485583695678426,0.5457973220215269,-0.5402421422515272,0.4572079396732398,-0.04831540584564209,-0.051647722721099854,0.0355837345123291,-0.0355837345123291,0.04831540584564209,-0.051647722721099854
1782457865452518701,391,1782457865452518701,steamvr_world,1.0157190561294556,0.6869850754737854,0.6475682258605957,0.4485583695678426,0.5457973220215269,-0.5402421422515272,0.4572079396732398,-0.04831540584564209,-0.051647722721099854,0.0355837345123291,-0.0355837345123291,0.04831540584564209,-0.051647722721099854
1782457865485843658,392,1782457865485843658,steamvr_world,1.0053198337554932,0.6871638298034668,0.6470751762390137,0.4479200155285693,0.5480402588879932,-0.5417159703738842,0.45339093701655386,-0.05871462821960449,-0.05146896839141846,0.03509068489074707,-0.03509068489074707,0.05871462821960449,-0.05146896839141846
1782457865519177436,393,1782457865519177436,steamvr_world,1.0053198337554932,0.6871638298034668,0.6470751762390137,0.4479200155285693,0.5480402588879932,-0.5417159703738842,0.45339093701655386,-0.05871462821960449,-0.05146896839141846,0.03509068489074707,-0.03509068489074707,0.05871462821960449,-0.05146896839141846
1782457865552518844,394,1782457865552518844,steamvr_world,1.0053198337554932,0.6871638298034668,0.6470751762390137,0.4479200155285693,0.5480402588879932,-0.5417159703738842,0.45339093701655386,-0.05871462821960449,-0.05146896839141846,0.03509068489074707,-0.03509068489074707,0.05871462821960449,-0.05146896839141846
1782457865585838317,395,1782457865585838317,steamvr_world,0.9959439039230347,0.6875435709953308,0.6460036039352417,0.44764115650291203,0.5495436596898737,-0.5430392327793739,0.450252765412701,-0.06809055805206299,-0.05108922719955444,0.0340191125869751,-0.0340191125869751,0.06809055805206299,-0.05108922719955444
1782457865619179725,396,1782457865619179725,steamvr_world,0.9959439039230347,0.6875435709953308,0.6460036039352417,0.44764115650291203,0.5495436596898737,-0.5430392327793739,0.450252765412701,-0.06809055805206299,-0.05108922719955444,0.0340191125869751,-0.0340191125869751,0.06809055805206299,-0.05108922719955444
1782457865652518987,397,1782457865652518987,steamvr_world,0.9959439039230347,0.6875435709953308,0.6460036039352417,0.44764115650291203,0.5495436596898737,-0.5430392327793739,0.450252765412701,-0.06809055805206299,-0.05108922719955444,0.0340191125869751,-0.0340191125869751,0.06809055805206299,-0.05108922719955444
1782457865685854673,398,1782457865685854673,steamvr_world,0.9881595373153687,0.6883732080459595,0.646082878112793,0.4473086019090111,0.5505003825836099,-0.5421891062401034,0.45043902640431027,-0.075874924659729,-0.05025959014892578,0.03409838676452637,-0.03409838676452637,0.075874924659729,-0.05025959014892578
1782457865719185590,399,1782457865719185590,steamvr_world,0.9881595373153687,0.6883732080459595,0.646082878112793,0.4473086019090111,0.5505003825836099,-0.5421891062401034,0.45043902640431027,-0.075874924659729,-0.05025959014892578,0.03409838676452637,-0.03409838676452637,0.075874924659729,-0.05025959014892578
1782457865752519607,400,1782457865752519607,steamvr_world,0.9881595373153687,0.6883732080459595,0.646082878112793,0.4473086019090111,0.5505003825836099,-0.5421891062401034,0.45043902640431027,-0.075874924659729,-0.05025959014892578,0.03409838676452637,-0.03409838676452637,0.075874924659729,-0.05025959014892578
1782457865785839319,401,1782457865785839319,steamvr_world,0.9818202257156372,0.6888572573661804,0.6467093229293823,0.44794499030169393,0.5506999061445559,-0.5410392001507964,0.4509450996919458,-0.08221423625946045,-0.049775540828704834,0.03472483158111572,-0.03472483158111572,0.08221423625946045,-0.049775540828704834
1782457865819194793,402,1782457865819194793,steamvr_world,0.9818202257156372,0.6888572573661804,0.6467093229293823,0.44794499030169393,0.5506999061445559,-0.5410392001507964,0.4509450996919458,-0.08221423625946045,-0.049775540828704834,0.03472483158111572,-0.03472483158111572,0.08221423625946045,-0.049775540828704834
1782457865852529525,403,1782457865852529525,steamvr_world,0.9818202257156372,0.6888572573661804,0.6467093229293823,0.44794499030169393,0.5506999061445559,-0.5410392001507964,0.4509450996919458,-0.08221423625946045,-0.049775540828704834,0.03472483158111572,-0.03472483158111572,0.08221423625946045,-0.049775540828704834
1782457865885843515,404,1782457865885843515,steamvr_world,0.9771367311477661,0.6888840794563293,0.6477911472320557,0.44777279252685814,0.5508883856796977,-0.539751780151658,0.4524262687101976,-0.08689773082733154,-0.04974871873855591,0.03580665588378906,-0.03580665588378906,0.08689773082733154,-0.04974871873855591
1782457865919180631,405,1782457865919180631,steamvr_world,0.9771367311477661,0.6888840794563293,0.6477911472320557,0.44777279252685814,0.5508883856796977,-0.539751780151658,0.4524262687101976,-0.08689773082733154,-0.04974871873855591,0.03580665588378906,-0.03580665588378906,0.08689773082733154,-0.04974871873855591
1782457865952515840,406,1782457865952515840,steamvr_world,0.9771367311477661,0.6888840794563293,0.6477911472320557,0.44777279252685814,0.5508883856796977,-0.539751780151658,0.4524262687101976,-0.08689773082733154,-0.04974871873855591,0.03580665588378906,-0.03580665588378906,0.08689773082733154,-0.04974871873855591
1782457865985837459,407,1782457865985837459,steamvr_world,0.9735329151153564,0.688861608505249,0.6487776041030884,0.4485336757555323,0.5508590879711556,-0.5381271544894091,0.453641898984154,-0.09050154685974121,-0.04977118968963623,0.03679311275482178,-0.03679311275482178,0.09050154685974121,-0.04977118968963623
1782457866019159555,408,1782457866019159555,steamvr_world,0.9735329151153564,0.688861608505249,0.6487776041030884,0.4485336757555323,0.5508590879711556,-0.5381271544894091,0.453641898984154,-0.09050154685974121,-0.04977118968963623,0.03679311275482178,-0.03679311275482178,0.09050154685974121,-0.04977118968963623
1782457866052480936,409,1782457866052480936,steamvr_world,0.9735329151153564,0.688861608505249,0.6487776041030884,0.4485336757555323,0.5508590879711556,-0.5381271544894091,0.453641898984154,-0.09050154685974121,-0.04977118968963623,0.03679311275482178,-0.03679311275482178,0.09050154685974121,-0.04977118968963623
1782457866085837602,410,1782457866085837602,steamvr_world,0.9695374369621277,0.6888182759284973,0.6493972539901733,0.44978964241045816,0.5507557158009017,-0.5369101412455198,0.45396576888640483,-0.09449702501296997,-0.04981452226638794,0.03741276264190674,-0.03741276264190674,0.09449702501296997,-0.04981452226638794
1782457866119158029,411,1782457866119158029,steamvr_world,0.9695374369621277,0.6888182759284973,0.6493972539901733,0.44978964241045816,0.5507557158009017,-0.5369101412455198,0.45396576888640483,-0.09449702501296997,-0.04981452226638794,0.03741276264190674,-0.03741276264190674,0.09449702501296997,-0.04981452226638794
1782457866152482509,412,1782457866152482509,steamvr_world,0.9695374369621277,0.6888182759284973,0.6493972539901733,0.44978964241045816,0.5507557158009017,-0.5369101412455198,0.45396576888640483,-0.09449702501296997,-0.04981452226638794,0.03741276264190674,-0.03741276264190674,0.09449702501296997,-0.04981452226638794
1782457866185830593,413,1782457866185830593,steamvr_world,0.9661177396774292,0.688871443271637,0.649962306022644,0.4501062206440229,0.5501176652779421,-0.5369202725300624,0.4544134300754587,-0.09791672229766846,-0.04976135492324829,0.03797781467437744,-0.03797781467437744,0.09791672229766846,-0.04976135492324829
1782457866219170093,414,1782457866219170093,steamvr_world,0.9661177396774292,0.688871443271637,0.649962306022644,0.4501062206440229,0.5501176652779421,-0.5369202725300624,0.4544134300754587,-0.09791672229766846,-0.04976135492324829,0.03797781467437744,-0.03797781467437744,0.09791672229766846,-0.04976135492324829
1782457866252521276,415,1782457866252521276,steamvr_world,0.9661177396774292,0.688871443271637,0.649962306022644,0.4501062206440229,0.5501176652779421,-0.5369202725300624,0.4544134300754587,-0.09791672229766846,-0.04976135492324829,0.03797781467437744,-0.03797781467437744,0.09791672229766846,-0.04976135492324829
1782457866285850763,416,1782457866285850763,steamvr_world,0.9640100002288818,0.6889861822128296,0.6503676176071167,0.4492073681525229,0.5497416083820598,-0.5372818060068172,0.45532973255108516,-0.10002446174621582,-0.049646615982055664,0.0383831262588501,-0.0383831262588501,0.10002446174621582,-0.049646615982055664
1782457866319175481,417,1782457866319175481,steamvr_world,0.9640100002288818,0.6889861822128296,0.6503676176071167,0.4492073681525229,0.5497416083820598,-0.5372818060068172,0.45532973255108516,-0.10002446174621582,-0.049646615982055664,0.0383831262588501,-0.0383831262588501,0.10002446174621582,-0.049646615982055664
1782457866352501869,418,1782457866352501869,steamvr_world,0.9640100002288818,0.6889861822128296,0.6503676176071167,0.4492073681525229,0.5497416083820598,-0.5372818060068172,0.45532973255108516,-0.10002446174621582,-0.049646615982055664,0.0383831262588501,-0.0383831262588501,0.10002446174621582,-0.049646615982055664
1782457866385828495,419,1782457866385828495,steamvr_world,0.9623400568962097,0.6896599531173706,0.6500847339630127,0.4481382614813351,0.5501485786845574,-0.5373469582860806,0.45581453069043915,-0.10169440507888794,-0.04897284507751465,0.038100242614746094,-0.038100242614746094,0.10169440507888794,-0.04897284507751465
1782457866419155359,420,1782457866419155359,steamvr_world,0.9623400568962097,0.6896599531173706,0.6500847339630127,0.4481382614813351,0.5501485786845574,-0.5373469582860806,0.45581453069043915,-0.10169440507888794,-0.04897284507751465,0.038100242614746094,-0.038100242614746094,0.10169440507888794,-0.04897284507751465
1782457866452485799,421,1782457866452485799,steamvr_world,0.9623400568962097,0.6896599531173706,0.6500847339630127,0.4481382614813351,0.5501485786845574,-0.5373469582860806,0.45581453069043915,-0.10169440507888794,-0.04897284507751465,0.038100242614746094,-0.038100242614746094,0.10169440507888794,-0.04897284507751465
1782457866485828876,422,1782457866485828876,steamvr_world,0.9610975384712219,0.6899245977401733,0.6497845649719238,0.4476555458882748,0.5499479496257544,-0.5377876576255977,0.45601118434033217,-0.10293692350387573,-0.048708200454711914,0.03780007362365723,-0.03780007362365723,0.10293692350387573,-0.048708200454711914
1782457866519153833,423,1782457866519153833,steamvr_world,0.9610975384712219,0.6899245977401733,0.6497845649719238,0.4476555458882748,0.5499479496257544,-0.5377876576255977,0.45601118434033217,-0.10293692350387573,-0.048708200454711914,0.03780007362365723,-0.03780007362365723,0.10293692350387573,-0.048708200454711914
1782457866552486658,424,1782457866552486658,steamvr_world,0.9610975384712219,0.6899245977401733,0.6497845649719238,0.4476555458882748,0.5499479496257544,-0.5377876576255977,0.45601118434033217,-0.10293692350387573,-0.048708200454711914,0.03780007362365723,-0.03780007362365723,0.10293692350387573,-0.048708200454711914
1782457866585825204,425,1782457866585825204,steamvr_world,0.9603375792503357,0.689919114112854,0.6502897143363953,0.44773344286024924,0.5489199979172142,-0.538334535446921,0.45652768588139425,-0.10369688272476196,-0.04871368408203125,0.03830522298812866,-0.03830522298812866,0.10369688272476196,-0.04871368408203125
1782457866619154214,426,1782457866619154214,steamvr_world,0.9603375792503357,0.689919114112854,0.6502897143363953,0.44773344286024924,0.5489199979172142,-0.538334535446921,0.45652768588139425,-0.10369688272476196,-0.04871368408203125,0.03830522298812866,-0.03830522298812866,0.10369688272476196,-0.04871368408203125
1782457866652482271,427,1782457866652482271,steamvr_world,0.9603375792503357,0.689919114112854,0.6502897143363953,0.44773344286024924,0.5489199979172142,-0.538334535446921,0.45652768588139425,-0.10369688272476196,-0.04871368408203125,0.03830522298812866,-0.03830522298812866,0.10369688272476196,-0.04871368408203125
1782457866685818910,428,1782457866685818910,steamvr_world,0.9603375792503357,0.689919114112854,0.6502897143363953,0.44773344286024924,0.5489199979172142,-0.538334535446921,0.45652768588139425,-0.10369688272476196,-0.04871368408203125,0.03830522298812866,-0.03830522298812866,0.10369688272476196,-0.04871368408203125
1782457866719156265,429,1782457866719156265,steamvr_world,0.9601002335548401,0.6893435120582581,0.6510874032974243,0.44839355317646323,0.5493755243119344,-0.5370021296847592,0.4569009383562332,-0.10393422842025757,-0.0492892861366272,0.039102911949157715,-0.039102911949157715,0.10393422842025757,-0.0492892861366272
1782457866752485990,430,1782457866752485990,steamvr_world,0.9601002335548401,0.6893435120582581,0.6510874032974243,0.44839355317646323,0.5493755243119344,-0.5370021296847592,0.4569009383562332,-0.10393422842025757,-0.0492892861366272,0.039102911949157715,-0.039102911949157715,0.10393422842025757,-0.0492892861366272
1782457866785816669,431,1782457866785816669,steamvr_world,0.9601002335548401,0.6893435120582581,0.6510874032974243,0.44839355317646323,0.5493755243119344,-0.5370021296847592,0.4569009383562332,-0.10393422842025757,-0.0492892861366272,0.039102911949157715,-0.039102911949157715,0.10393422842025757,-0.0492892861366272
1782457866819164991,432,1782457866819164991,steamvr_world,0.959490180015564,0.6891533732414246,0.6506784558296204,0.4472272111336551,0.550064582389602,-0.537475035966301,0.45665891268559466,-0.10454428195953369,-0.04947942495346069,0.03869396448135376,-0.03869396448135376,0.10454428195953369,-0.04947942495346069
1782457866852486133,433,1782457866852486133,steamvr_world,0.959490180015564,0.6891533732414246,0.6506784558296204,0.4472272111336551,0.550064582389602,-0.537475035966301,0.45665891268559466,-0.10454428195953369,-0.04947942495346069,0.03869396448135376,-0.03869396448135376,0.10454428195953369,-0.04947942495346069
1782457866885822772,434,1782457866885822772,steamvr_world,0.959490180015564,0.6891533732414246,0.6506784558296204,0.4472272111336551,0.550064582389602,-0.537475035966301,0.45665891268559466,-0.10454428195953369,-0.04947942495346069,0.03869396448135376,-0.03869396448135376,0.10454428195953369,-0.04947942495346069
1782457866919159412,435,1782457866919159412,steamvr_world,0.9574981331825256,0.6899685859680176,0.6509143710136414,0.44704050449182564,0.5504051638081168,-0.5371422399715002,0.45682289460517783,-0.10653632879257202,-0.048664212226867676,0.038929879665374756,-0.038929879665374756,0.10653632879257202,-0.048664212226867676
1782457866952481269,436,1782457866952481269,steamvr_world,0.9574981331825256,0.6899685859680176,0.6509143710136414,0.44704050449182564,0.5504051638081168,-0.5371422399715002,0.45682289460517783,-0.10653632879257202,-0.048664212226867676,0.038929879665374756,-0.038929879665374756,0.10653632879257202,-0.048664212226867676
1782457866985810756,437,1782457866985810756,steamvr_world,0.9574981331825256,0.6899685859680176,0.6509143710136414,0.44704050449182564,0.5504051638081168,-0.5371422399715002,0.45682289460517783,-0.10653632879257202,-0.048664212226867676,0.038929879665374756,-0.038929879665374756,0.10653632879257202,-0.048664212226867676
1782457867019155740,438,1782457867019155740,steamvr_world,0.9530840516090393,0.6916244029998779,0.6528498530387878,0.4472175353398174,0.5494406759758698,-0.537093679326013,0.457866573682557,-0.11095041036605835,-0.047008395195007324,0.04086536169052124,-0.04086536169052124,0.11095041036605835,-0.047008395195007324
1782457867052486419,439,1782457867052486419,steamvr_world,0.9530840516090393,0.6916244029998779,0.6528498530387878,0.4472175353398174,0.5494406759758698,-0.537093679326013,0.457866573682557,-0.11095041036605835,-0.047008395195007324,0.04086536169052124,-0.04086536169052124,0.11095041036605835,-0.047008395195007324
1782457867085797548,440,1782457867085797548,steamvr_world,0.9530840516090393,0.6916244029998779,0.6528498530387878,0.4472175353398174,0.5494406759758698,-0.537093679326013,0.457866573682557,-0.11095041036605835,-0.047008395195007324,0.04086536169052124,-0.04086536169052124,0.11095041036605835,-0.047008395195007324
1782457867119168519,441,1782457867119168519,steamvr_world,0.9510874152183533,0.6925589442253113,0.6543853282928467,0.4473986739759536,0.5492627583032302,-0.5359880290589264,0.4591967787030013,-0.11294704675674438,-0.046073853969573975,0.04240083694458008,-0.04240083694458008,0.11294704675674438,-0.046073853969573975
1782457867152493476,442,1782457867152493476,steamvr_world,0.9496402144432068,0.6931965947151184,0.6557832956314087,0.44797554736589934,0.548396271009564,-0.5355868669348736,0.46013709573551437,-0.11439424753189087,-0.045436203479766846,0.04379880428314209,-0.04379880428314209,0.11439424753189087,-0.045436203479766846
1782457867185800075,443,1782457867185800075,steamvr_world,0.9496402144432068,0.6931965947151184,0.6557832956314087,0.44797554736589934,0.548396271009564,-0.5355868669348736,0.46013709573551437,-0.11439424753189087,-0.045436203479766846,0.04379880428314209,-0.04379880428314209,0.11439424753189087,-0.045436203479766846
1782457867219119548,444,1782457867219119548,steamvr_world,0.9479997754096985,0.6934532523155212,0.6569340229034424,0.4483051876496282,0.5475513965492071,-0.5355279954829827,0.4608901093725302,-0.11603468656539917,-0.045179545879364014,0.04494953155517578,-0.04494953155517578,0.11603468656539917,-0.045179545879364014
1782457867252452373,445,1782457867252452373,steamvr_world,0.9479997754096985,0.6934532523155212,0.6569340229034424,0.4483051876496282,0.5475513965492071,-0.5355279954829827,0.4608901093725302,-0.11603468656539917,-0.045179545879364014,0.04494953155517578,-0.04494953155517578,0.11603468656539917,-0.045179545879364014
1782457867285836696,446,1782457867285836696,steamvr_world,0.9479997754096985,0.6934532523155212,0.6569340229034424,0.4483051876496282,0.5475513965492071,-0.5355279954829827,0.4608901093725302,-0.11603468656539917,-0.045179545879364014,0.04494953155517578,-0.04494953155517578,0.11603468656539917,-0.045179545879364014
1782457867319154262,447,1782457867319154262,steamvr_world,0.9475305676460266,0.6933789253234863,0.6569463014602661,0.44825732661937145,0.5474502389119711,-0.5360212047390035,0.4604833038421992,-0.11650389432907104,-0.045253872871398926,0.04496181011199951,-0.04496181011199951,0.11650389432907104,-0.045253872871398926
1782457867352497100,448,1782457867352497100,steamvr_world,0.9472250938415527,0.6932671070098877,0.6567728519439697,0.4472926940995116,0.5472989269567744,-0.537012416059054,0.4604463001866573,-0.11680936813354492,-0.04536569118499756,0.044788360595703125,-0.044788360595703125,0.11680936813354492,-0.04536569118499756
1782457867385864019,449,1782457867385864019,steamvr_world,0.9472250938415527,0.6932671070098877,0.6567728519439697,0.4472926940995116,0.5472989269567744,-0.537012416059054,0.4604463001866573,-0.11680936813354492,-0.04536569118499756,0.044788360595703125,-0.044788360595703125,0.11680936813354492,-0.04536569118499756
1782457867419191598,450,1782457867419191598,steamvr_world,0.9470630884170532,0.6931707859039307,0.6566753387451172,0.4473131335562787,0.5475109798191719,-0.5368642164537814,0.460347152285078,-0.11697137355804443,-0.04546201229095459,0.044690847396850586,-0.044690847396850586,0.11697137355804443,-0.04546201229095459
1782457867452494144,451,1782457867452494144,steamvr_world,0.947055995464325,0.6929841637611389,0.656633734703064,0.4473779376643508,0.5472054718616831,-0.5375118356904657,0.4598914860578426,-0.1169784665107727,-0.04564863443374634,0.04464924335479736,-0.04464924335479736,0.1169784665107727,-0.04564863443374634
1782457867485823154,452,1782457867485823154,steamvr_world,0.947055995464325,0.6929841637611389,0.656633734703064,0.4473779376643508,0.5472054718616831,-0.5375118356904657,0.4598914860578426,-0.1169784665107727,-0.04564863443374634,0.04464924335479736,-0.04464924335479736,0.1169784665107727,-0.04564863443374634
1782457867519155502,453,1782457867519155502,steamvr_world,0.947055995464325,0.6929841637611389,0.656633734703064,0.4473779376643508,0.5472054718616831,-0.5375118356904657,0.4598914860578426,-0.1169784665107727,-0.04564863443374634,0.04464924335479736,-0.04464924335479736,0.1169784665107727,-0.04564863443374634
1782457867552494525,454,1782457867552494525,steamvr_world,0.947035551071167,0.6926189064979553,0.6563893556594849,0.4472700102283231,0.5475585227074772,-0.5375998998601638,0.4594731219898537,-0.11699891090393066,-0.04601389169692993,0.04440486431121826,-0.04440486431121826,0.11699891090393066,-0.04601389169692993
1782457867585826158,455,1782457867585826158,steamvr_world,0.947035551071167,0.6926189064979553,0.6563893556594849,0.4472700102283231,0.5475585227074772,-0.5375998998601638,0.4594731219898537,-0.11699891090393066,-0.04601389169692993,0.04440486431121826,-0.04440486431121826,0.11699891090393066,-0.04601389169692993
1782457867619161605,456,1782457867619161605,steamvr_world,0.9469922184944153,0.692557156085968,0.6561131477355957,0.4468336382554331,0.5482909697238176,-0.5371752934261222,0.4595208552125659,-0.11704224348068237,-0.046075642108917236,0.0441286563873291,-0.0441286563873291,0.11704224348068237,-0.046075642108917236
1782457867652491092,457,1782457867652491092,steamvr_world,0.9469652771949768,0.6925346255302429,0.655856728553772,0.44634532135851024,0.5483953920835613,-0.5376836657097963,0.45927619541160764,-0.11706918478012085,-0.046098172664642334,0.04387223720550537,-0.04387223720550537,0.11706918478012085,-0.046098172664642334
1782457867685812950,458,1782457867685812950,steamvr_world,0.9469652771949768,0.6925346255302429,0.655856728553772,0.44634532135851024,0.5483953920835613,-0.5376836657097963,0.45927619541160764,-0.11706918478012085,-0.046098172664642334,0.04387223720550537,-0.04387223720550537,0.11706918478012085,-0.046098172664642334
1782457867719152450,459,1782457867719152450,steamvr_world,0.946800172328949,0.6925405859947205,0.6557348370552063,0.44591823426466864,0.5484290587139071,-0.5379887763366292,0.45929355802609984,-0.11723428964614868,-0.046092212200164795,0.0437503457069397,-0.0437503457069397,0.11723428964614868,-0.046092212200164795
1782457867752490758,460,1782457867752490758,steamvr_world,0.9466075301170349,0.6925561428070068,0.6556286811828613,0.4453880092916317,0.5484395481307145,-0.5384530148373479,0.45925149323435643,-0.11742693185806274,-0.04607665538787842,0.04364418983459473,-0.04364418983459473,0.11742693185806274,-0.04607665538787842
1782457867785845518,461,1782457867785845518,steamvr_world,0.9466075301170349,0.6925561428070068,0.6556286811828613,0.4453880092916317,0.5484395481307145,-0.5384530148373479,0.45925149323435643,-0.11742693185806274,-0.04607665538787842,0.04364418983459473,-0.04364418983459473,0.11742693185806274,-0.04607665538787842
1782457867819175720,462,1782457867819175720,steamvr_world,0.9463760852813721,0.6926965713500977,0.6555041074752808,0.4450267785855799,0.5490703862534635,-0.5379995583530895,0.4593793122171418,-0.11765837669372559,-0.0459362268447876,0.04351961612701416,-0.04351961612701416,0.11765837669372559,-0.0459362268447876
1782457867852492570,463,1782457867852492570,steamvr_world,0.9463760852813721,0.6926965713500977,0.6555041074752808,0.4450267785855799,0.5490703862534635,-0.5379995583530895,0.4593793122171418,-0.11765837669372559,-0.0459362268447876,0.04351961612701416,-0.04351961612701416,0.11765837669372559,-0.0459362268447876
1782457867885829687,464,1782457867885829687,steamvr_world,0.9463760852813721,0.6926965713500977,0.6555041074752808,0.4450267785855799,0.5490703862534635,-0.5379995583530895,0.4593793122171418,-0.11765837669372559,-0.0459362268447876,0.04351961612701416,-0.04351961612701416,0.11765837669372559,-0.0459362268447876
1782457867919157743,465,1782457867919157743,steamvr_world,0.9459896087646484,0.692984402179718,0.6555078029632568,0.4452022411189819,0.5492118165234398,-0.5380150060780208,0.45902200200919213,-0.11804485321044922,-0.045648396015167236,0.043523311614990234,-0.043523311614990234,0.11804485321044922,-0.045648396015167236
1782457867952488660,466,1782457867952488660,steamvr_world,0.9459737539291382,0.6930949091911316,0.655504584312439,0.44532696729368737,0.5492226563314957,-0.5378897321966882,0.45903485921066817,-0.11806070804595947,-0.04553788900375366,0.04352009296417236,-0.04352009296417236,0.11806070804595947,-0.04553788900375366
1782457867985779762,467,1782457867985779762,steamvr_world,0.9459737539291382,0.6930949091911316,0.655504584312439,0.44532696729368737,0.5492226563314957,-0.5378897321966882,0.45903485921066817,-0.11806070804595947,-0.04553788900375366,0.04352009296417236,-0.04352009296417236,0.11806070804595947,-0.04553788900375366
1782457868019229650,468,1782457868019229650,steamvr_world,0.9459737539291382,0.6930949091911316,0.655504584312439,0.44532696729368737,0.5492226563314957,-0.5378897321966882,0.45903485921066817,-0.11806070804595947,-0.04553788900375366,0.04352009296417236,-0.04352009296417236,0.11806070804595947,-0.04553788900375366
1782457868052524089,469,1782457868052524089,steamvr_world,0.9460716247558594,0.6934987306594849,0.6553246974945068,0.44483829729449664,0.549269387501162,-0.5381873690620991,0.45910389346666125,-0.11796283721923828,-0.04513406753540039,0.043340206146240234,-0.043340206146240234,0.11796283721923828,-0.04513406753540039
1782457868085842847,470,1782457868085842847,steamvr_world,0.9460716247558594,0.6934987306594849,0.6553246974945068,0.44483829729449664,0.549269387501162,-0.5381873690620991,0.45910389346666125,-0.11796283721923828,-0.04513406753540039,0.043340206146240234,-0.043340206146240234,0.11796283721923828,-0.04513406753540039
1782457868119180440,471,1782457868119180440,steamvr_world,0.9460716247558594,0.6934987306594849,0.6553246974945068,0.44483829729449664,0.549269387501162,-0.5381873690620991,0.45910389346666125,-0.11796283721923828,-0.04513406753540039,0.043340206146240234,-0.043340206146240234,0.11796283721923828,-0.04513406753540039
